행정구역,2026년01월_거주자_총인구수,2026년01월_거주자_연령구간인구수,2026년01월_거주자_0세,2026년01월_거주자_1세,2026년01월_거주자_2세,2026년01월_거주자_3세,2026년01월_거주자_4세,2026년01월_거주자_5세,2026년01월_거주자_6세,2026년01월_거주자_7세,2026년01월_거주자_8세,2026년01월_거주자_9세,2026년01월_거주자_10세,2026년01월_거주자_11세,2026년01월_거주자_12세,2026년01월_거주자_13세,2026년01월_거주자_14세,2026년01월_거주자_15세,2026년01월_거주자_16세,2026년01월_거주자_17세,2026년01월_거주자_18세,2026년01월_거주자_19세,2026년01월_거주자_20세,2026년01월_거주자_21세,2026년01월_거주자_22세,2026년01월_거주자_23세,2026년01월_거주자_24세,2026년01월_거주자_25세,2026년01월_거주자_26세,2026년01월_거주자_27세,2026년01월_거주자_28세,2026년01월_거주자_29세,2026년01월_거주자_30세,2026년01월_거주자_31세,2026년01월_거주자_32세,2026년01월_거주자_33세,2026년01월_거주자_34세,2026년01월_거주자_35세,2026년01월_거주자_36세,2026년01월_거주자_37세,2026년01월_거주자_38세,2026년01월_거주자_39세,2026년01월_거주자_40세,2026년01월_거주자_41세,2026년01월_거주자_42세,2026년01월_거주자_43세,2026년01월_거주자_44세,2026년01월_거주자_45세,2026년01월_거주자_46세,2026년01월_거주자_47세,2026년01월_거주자_48세,2026년01월_거주자_49세,2026년01월_거주자_50세,2026년01월_거주자_51세,2026년01월_거주자_52세,2026년01월_거주자_53세,2026년01월_거주자_54세,2026년01월_거주자_55세,2026년01월_거주자_56세,2026년01월_거주자_57세,2026년01월_거주자_58세,2026년01월_거주자_59세,2026년01월_거주자_60세,2026년01월_거주자_61세,2026년01월_거주자_62세,2026년01월_거주자_63세,2026년01월_거주자_64세,2026년01월_거주자_65세,2026년01월_거주자_66세,2026년01월_거주자_67세,2026년01월_거주자_68세,2026년01월_거주자_69세,2026년01월_거주자_70세,2026년01월_거주자_71세,2026년01월_거주자_72세,2026년01월_거주자_73세,2026년01월_거주자_74세,2026년01월_거주자_75세,2026년01월_거주자_76세,2026년01월_거주자_77세,2026년01월_거주자_78세,2026년01월_거주자_79세,2026년01월_거주자_80세,2026년01월_거주자_81세,2026년01월_거주자_82세,2026년01월_거주자_83세,2026년01월_거주자_84세,2026년01월_거주자_85세,2026년01월_거주자_86세,2026년01월_거주자_87세,2026년01월_거주자_88세,2026년01월_거주자_89세,2026년01월_거주자_90세,2026년01월_거주자_91세,2026년01월_거주자_92세,2026년01월_거주자_93세,2026년01월_거주자_94세,2026년01월_거주자_95세,2026년01월_거주자_96세,2026년01월_거주자_97세,2026년01월_거주자_98세,2026년01월_거주자_99세,2026년01월_거주자_100세 이상,2026년02월_거주자_총인구수,2026년02월_거주자_연령구간인구수,2026년02월_거주자_0세,2026년02월_거주자_1세,2026년02월_거주자_2세,2026년02월_거주자_3세,2026년02월_거주자_4세,2026년02월_거주자_5세,2026년02월_거주자_6세,2026년02월_거주자_7세,2026년02월_거주자_8세,2026년02월_거주자_9세,2026년02월_거주자_10세,2026년02월_거주자_11세,2026년02월_거주자_12세,2026년02월_거주자_13세,2026년02월_거주자_14세,2026년02월_거주자_15세,2026년02월_거주자_16세,2026년02월_거주자_17세,2026년02월_거주자_18세,2026년02월_거주자_19세,2026년02월_거주자_20세,2026년02월_거주자_21세,2026년02월_거주자_22세,2026년02월_거주자_23세,2026년02월_거주자_24세,2026년02월_거주자_25세,2026년02월_거주자_26세,2026년02월_거주자_27세,2026년02월_거주자_28세,2026년02월_거주자_29세,2026년02월_거주자_30세,2026년02월_거주자_31세,2026년02월_거주자_32세,2026년02월_거주자_33세,2026년02월_거주자_34세,2026년02월_거주자_35세,2026년02월_거주자_36세,2026년02월_거주자_37세,2026년02월_거주자_38세,2026년02월_거주자_39세,2026년02월_거주자_40세,2026년02월_거주자_41세,2026년02월_거주자_42세,2026년02월_거주자_43세,2026년02월_거주자_44세,2026년02월_거주자_45세,2026년02월_거주자_46세,2026년02월_거주자_47세,2026년02월_거주자_48세,2026년02월_거주자_49세,2026년02월_거주자_50세,2026년02월_거주자_51세,2026년02월_거주자_52세,2026년02월_거주자_53세,2026년02월_거주자_54세,2026년02월_거주자_55세,2026년02월_거주자_56세,2026년02월_거주자_57세,2026년02월_거주자_58세,2026년02월_거주자_59세,2026년02월_거주자_60세,2026년02월_거주자_61세,2026년02월_거주자_62세,2026년02월_거주자_63세,2026년02월_거주자_64세,2026년02월_거주자_65세,2026년02월_거주자_66세,2026년02월_거주자_67세,2026년02월_거주자_68세,2026년02월_거주자_69세,2026년02월_거주자_70세,2026년02월_거주자_71세,2026년02월_거주자_72세,2026년02월_거주자_73세,2026년02월_거주자_74세,2026년02월_거주자_75세,2026년02월_거주자_76세,2026년02월_거주자_77세,2026년02월_거주자_78세,2026년02월_거주자_79세,2026년02월_거주자_80세,2026년02월_거주자_81세,2026년02월_거주자_82세,2026년02월_거주자_83세,2026년02월_거주자_84세,2026년02월_거주자_85세,2026년02월_거주자_86세,2026년02월_거주자_87세,2026년02월_거주자_88세,2026년02월_거주자_89세,2026년02월_거주자_90세,2026년02월_거주자_91세,2026년02월_거주자_92세,2026년02월_거주자_93세,2026년02월_거주자_94세,2026년02월_거주자_95세,2026년02월_거주자_96세,2026년02월_거주자_97세,2026년02월_거주자_98세,2026년02월_거주자_99세,2026년02월_거주자_100세 이상,2026년03월_거주자_총인구수,2026년03월_거주자_연령구간인구수,2026년03월_거주자_0세,2026년03월_거주자_1세,2026년03월_거주자_2세,2026년03월_거주자_3세,2026년03월_거주자_4세,2026년03월_거주자_5세,2026년03월_거주자_6세,2026년03월_거주자_7세,2026년03월_거주자_8세,2026년03월_거주자_9세,2026년03월_거주자_10세,2026년03월_거주자_11세,2026년03월_거주자_12세,2026년03월_거주자_13세,2026년03월_거주자_14세,2026년03월_거주자_15세,2026년03월_거주자_16세,2026년03월_거주자_17세,2026년03월_거주자_18세,2026년03월_거주자_19세,2026년03월_거주자_20세,2026년03월_거주자_21세,2026년03월_거주자_22세,2026년03월_거주자_23세,2026년03월_거주자_24세,2026년03월_거주자_25세,2026년03월_거주자_26세,2026년03월_거주자_27세,2026년03월_거주자_28세,2026년03월_거주자_29세,2026년03월_거주자_30세,2026년03월_거주자_31세,2026년03월_거주자_32세,2026년03월_거주자_33세,2026년03월_거주자_34세,2026년03월_거주자_35세,2026년03월_거주자_36세,2026년03월_거주자_37세,2026년03월_거주자_38세,2026년03월_거주자_39세,2026년03월_거주자_40세,2026년03월_거주자_41세,2026년03월_거주자_42세,2026년03월_거주자_43세,2026년03월_거주자_44세,2026년03월_거주자_45세,2026년03월_거주자_46세,2026년03월_거주자_47세,2026년03월_거주자_48세,2026년03월_거주자_49세,2026년03월_거주자_50세,2026년03월_거주자_51세,2026년03월_거주자_52세,2026년03월_거주자_53세,2026년03월_거주자_54세,2026년03월_거주자_55세,2026년03월_거주자_56세,2026년03월_거주자_57세,2026년03월_거주자_58세,2026년03월_거주자_59세,2026년03월_거주자_60세,2026년03월_거주자_61세,2026년03월_거주자_62세,2026년03월_거주자_63세,2026년03월_거주자_64세,2026년03월_거주자_65세,2026년03월_거주자_66세,2026년03월_거주자_67세,2026년03월_거주자_68세,2026년03월_거주자_69세,2026년03월_거주자_70세,2026년03월_거주자_71세,2026년03월_거주자_72세,2026년03월_거주자_73세,2026년03월_거주자_74세,2026년03월_거주자_75세,2026년03월_거주자_76세,2026년03월_거주자_77세,2026년03월_거주자_78세,2026년03월_거주자_79세,2026년03월_거주자_80세,2026년03월_거주자_81세,2026년03월_거주자_82세,2026년03월_거주자_83세,2026년03월_거주자_84세,2026년03월_거주자_85세,2026년03월_거주자_86세,2026년03월_거주자_87세,2026년03월_거주자_88세,2026년03월_거주자_89세,2026년03월_거주자_90세,2026년03월_거주자_91세,2026년03월_거주자_92세,2026년03월_거주자_93세,2026년03월_거주자_94세,2026년03월_거주자_95세,2026년03월_거주자_96세,2026년03월_거주자_97세,2026년03월_거주자_98세,2026년03월_거주자_99세,2026년03월_거주자_100세 이상,2026년04월_거주자_총인구수,2026년04월_거주자_연령구간인구수,2026년04월_거주자_0세,2026년04월_거주자_1세,2026년04월_거주자_2세,2026년04월_거주자_3세,2026년04월_거주자_4세,2026년04월_거주자_5세,2026년04월_거주자_6세,2026년04월_거주자_7세,2026년04월_거주자_8세,2026년04월_거주자_9세,2026년04월_거주자_10세,2026년04월_거주자_11세,2026년04월_거주자_12세,2026년04월_거주자_13세,2026년04월_거주자_14세,2026년04월_거주자_15세,2026년04월_거주자_16세,2026년04월_거주자_17세,2026년04월_거주자_18세,2026년04월_거주자_19세,2026년04월_거주자_20세,2026년04월_거주자_21세,2026년04월_거주자_22세,2026년04월_거주자_23세,2026년04월_거주자_24세,2026년04월_거주자_25세,2026년04월_거주자_26세,2026년04월_거주자_27세,2026년04월_거주자_28세,2026년04월_거주자_29세,2026년04월_거주자_30세,2026년04월_거주자_31세,2026년04월_거주자_32세,2026년04월_거주자_33세,2026년04월_거주자_34세,2026년04월_거주자_35세,2026년04월_거주자_36세,2026년04월_거주자_37세,2026년04월_거주자_38세,2026년04월_거주자_39세,2026년04월_거주자_40세,2026년04월_거주자_41세,2026년04월_거주자_42세,2026년04월_거주자_43세,2026년04월_거주자_44세,2026년04월_거주자_45세,2026년04월_거주자_46세,2026년04월_거주자_47세,2026년04월_거주자_48세,2026년04월_거주자_49세,2026년04월_거주자_50세,2026년04월_거주자_51세,2026년04월_거주자_52세,2026년04월_거주자_53세,2026년04월_거주자_54세,2026년04월_거주자_55세,2026년04월_거주자_56세,2026년04월_거주자_57세,2026년04월_거주자_58세,2026년04월_거주자_59세,2026년04월_거주자_60세,2026년04월_거주자_61세,2026년04월_거주자_62세,2026년04월_거주자_63세,2026년04월_거주자_64세,2026년04월_거주자_65세,2026년04월_거주자_66세,2026년04월_거주자_67세,2026년04월_거주자_68세,2026년04월_거주자_69세,2026년04월_거주자_70세,2026년04월_거주자_71세,2026년04월_거주자_72세,2026년04월_거주자_73세,2026년04월_거주자_74세,2026년04월_거주자_75세,2026년04월_거주자_76세,2026년04월_거주자_77세,2026년04월_거주자_78세,2026년04월_거주자_79세,2026년04월_거주자_80세,2026년04월_거주자_81세,2026년04월_거주자_82세,2026년04월_거주자_83세,2026년04월_거주자_84세,2026년04월_거주자_85세,2026년04월_거주자_86세,2026년04월_거주자_87세,2026년04월_거주자_88세,2026년04월_거주자_89세,2026년04월_거주자_90세,2026년04월_거주자_91세,2026년04월_거주자_92세,2026년04월_거주자_93세,2026년04월_거주자_94세,2026년04월_거주자_95세,2026년04월_거주자_96세,2026년04월_거주자_97세,2026년04월_거주자_98세,2026년04월_거주자_99세,2026년04월_거주자_100세 이상
서울특별시  (1100000000),"9,233,477","9,233,477","43,860","40,393","36,822","39,812","42,018","42,898","47,063","50,190","54,442","61,510","66,576","66,537","66,428","74,402","71,017","73,318","68,516","72,689","78,631","77,791","78,657","89,166","98,159","102,746","118,881","143,680","144,127","150,460","158,899","160,642","165,412","164,879","161,204","161,072","155,092","138,993","132,223","129,097","124,805","123,142","124,105","123,518","136,015","144,195","147,355","144,399","144,314","124,825","131,758","130,253","132,712","143,777","148,411","152,026","158,478","155,276","150,293","147,655","136,914","126,841","131,374","131,955","123,441","134,294","137,518","144,565","135,448","125,934","124,805","114,068","118,727","104,378","88,692","95,501","68,027","73,100","74,069","71,553","72,762","60,600","48,713","49,017","46,017","52,390","42,442","33,003","30,449","25,545","21,232","17,747","14,560","11,160","8,360","6,496","4,542","3,494","2,738","1,963","1,335",767,"1,327","9,238,078","9,238,078","44,427","40,649","36,867","39,668","41,920","42,710","46,591","50,104","53,913","61,034","66,348","66,540","66,239","74,159","71,412","73,437","68,354","72,310","80,248","78,864","79,201","89,018","98,969","102,790","117,935","142,314","144,566","149,701","158,329","160,280","164,169","164,611","160,440","161,012","154,807","137,703","133,105","130,102","124,542","123,212","123,850","122,302","136,144","143,416","147,433","144,427","144,438","127,377","131,328","130,922","132,496","142,833","148,637","151,473","157,582","156,061","150,336","148,481","135,578","129,264","130,577","132,624","123,356","132,402","137,829","144,869","136,915","126,271","124,540","114,880","117,381","107,345","88,880","94,512","70,664","72,272","73,912","71,434","70,854","64,701","48,285","49,209","44,957","52,488","43,450","33,296","30,472","25,965","21,495","17,867","14,644","11,364","8,449","6,595","4,670","3,481","2,717","1,947","1,374",810,"1,347","9,238,662","9,238,662","45,334","40,893","36,736","39,338","41,814","42,780","46,124","49,744","53,386","60,220","66,137","66,779","66,193","73,234","71,649","73,383","68,636","71,652","81,173","79,846","79,600","88,529","99,466","102,986","116,457","140,949","145,571","148,982","157,840","159,968","164,014","164,837","160,693","161,860","156,029","139,730","133,173","130,300","124,301","122,964","123,872","121,934","134,776","141,903","147,638","144,326","144,718","128,348","130,353","129,394","132,472","141,420","148,717","150,426","156,651","156,437","149,909","148,753","135,412","128,579","131,511","132,706","123,643","133,569","133,935","145,239","138,209","127,027","124,313","114,835","113,602","113,123","89,497","93,432","74,333","70,787","74,311","71,109","70,875","66,184","48,184","49,322","45,014","51,597","44,669","33,548","30,445","26,468","21,489","18,113","14,913","11,581","8,597","6,559","4,814","3,446","2,719","2,019","1,376",863,"1,348","9,233,066","9,233,066","45,992","41,378","36,896","38,990","41,469","42,759","45,749","49,524","53,013","59,515","65,759","66,922","66,051","72,714","71,669","73,583","68,613","71,481","80,427","79,948","79,689","87,586","98,630","102,823","115,537","139,984","145,421","148,451","157,455","160,016","164,545","163,315","161,032","162,168","156,785","140,852","133,813","130,612","123,613","123,128","124,374","121,654","133,505","140,576","147,750","145,022","144,889","129,209","129,588","128,518","131,868","139,488","148,766","151,296","156,062","155,939","149,392","150,236","135,404","128,695","131,267","132,264","121,040","137,401","131,042","145,597","138,513","128,034","124,157","115,557","112,543","114,707","89,970","92,524","76,822","69,488","74,817","70,648","70,885","67,428","47,423","48,898","45,972","50,830","45,476","33,932","30,347","26,738","21,572","18,273","14,985","11,770","8,737","6,527","4,924","3,460","2,691","2,056","1,378",890,"1,345"
서울특별시 종로구 (1111000000),"135,136","135,136",425,448,403,435,473,473,547,525,624,696,799,751,791,942,848,947,846,950,"1,066","1,164","1,192","1,429","1,543","1,755","1,998","2,444","2,394","2,429","2,402","2,403","2,408","2,297","2,290","2,266","2,054","1,903","1,677","1,619","1,622","1,532","1,694","1,586","1,798","1,894","1,942","1,919","1,896","1,689","1,715","1,782","1,814","2,041","2,181","2,270","2,465","2,474","2,438","2,321","2,293","2,053","2,090","2,170","2,044","2,189","2,208","2,301","2,008","1,920","1,898","1,756","1,793","1,580","1,278","1,411","1,003","1,025","1,151","1,065","1,192",971,821,881,802,930,793,621,604,550,416,376,290,246,171,148,108,71,49,46,26,29,30,"135,116","135,116",435,445,393,440,474,474,545,522,595,711,777,735,780,952,856,938,846,964,"1,122","1,176","1,205","1,439","1,578","1,744","2,000","2,418","2,408","2,436","2,396","2,388","2,351","2,287","2,268","2,258","2,051","1,897","1,681","1,652","1,619","1,554","1,619","1,608","1,792","1,855","1,948","1,934","1,888","1,711","1,702","1,805","1,820","2,019","2,192","2,247","2,464","2,500","2,392","2,343","2,250","2,118","2,064","2,153","2,036","2,173","2,209","2,314","2,040","1,938","1,876","1,779","1,767","1,605","1,270","1,421","1,028","1,016","1,140","1,075","1,151","1,016",812,893,786,920,792,641,607,550,427,368,285,253,180,150,109,76,50,45,26,28,30,"135,176","135,176",446,446,407,418,474,480,534,523,593,688,768,746,780,941,841,936,847,967,"1,146","1,208","1,210","1,405","1,637","1,738","1,971","2,378","2,427","2,427","2,373","2,414","2,367","2,319","2,250","2,276","2,061","1,929","1,720","1,666","1,616","1,558","1,619","1,612","1,792","1,843","1,929","1,938","1,898","1,714","1,694","1,778","1,788","2,033","2,169","2,219","2,425","2,543","2,373","2,344","2,233","2,120","2,085","2,133","2,043","2,204","2,159","2,316","2,069","1,924","1,873","1,773","1,707","1,718","1,255","1,411","1,107",979,"1,142","1,039","1,163","1,049",802,898,772,899,807,648,602,556,429,375,291,248,194,146,105,79,48,51,23,30,29,"135,081","135,081",444,454,396,415,485,476,526,520,602,687,752,754,775,932,857,938,838,939,"1,146","1,218","1,190","1,410","1,619","1,722","1,982","2,328","2,447","2,397","2,419","2,415","2,373","2,312","2,230","2,270","2,104","1,927","1,720","1,670","1,606","1,546","1,626","1,658","1,763","1,817","1,940","1,906","1,932","1,722","1,692","1,753","1,795","1,986","2,185","2,199","2,391","2,517","2,418","2,322","2,239","2,117","2,078","2,129","2,036","2,279","2,087","2,337","2,084","1,947","1,853","1,784","1,707","1,746","1,269","1,395","1,145",953,"1,136","1,030","1,143","1,069",793,895,788,876,829,654,606,556,440,364,304,236,202,139,108,84,50,49,24,30,28
서울특별시 중구 (1114000000),"116,352","116,352",606,479,407,514,496,462,440,485,493,551,537,530,532,538,534,532,503,562,699,759,818,991,"1,156","1,206","1,496","1,819","1,819","1,972","2,101","2,216","2,303","2,371","2,398","2,426","2,275","2,014","1,949","1,918","1,776","1,678","1,669","1,581","1,790","1,686","1,687","1,644","1,615","1,367","1,441","1,388","1,438","1,600","1,648","1,735","1,923","1,955","1,917","1,890","1,767","1,566","1,704","1,796","1,692","1,794","1,829","1,935","1,784","1,703","1,724","1,607","1,655","1,446","1,179","1,261",933,"1,005","1,032",981,"1,025",860,712,731,689,784,721,516,496,430,327,320,252,188,162,110,84,49,58,42,32,17,19,"116,268","116,268",595,484,395,502,481,464,438,465,484,540,553,512,537,536,536,550,507,559,741,794,799,"1,011","1,167","1,207","1,485","1,791","1,825","1,943","2,091","2,201","2,289","2,337","2,402","2,375","2,274","2,009","1,949","1,928","1,769","1,682","1,646","1,607","1,759","1,680","1,691","1,630","1,647","1,358","1,463","1,410","1,407","1,594","1,655","1,730","1,941","1,935","1,922","1,900","1,746","1,599","1,663","1,821","1,692","1,763","1,819","1,963","1,797","1,707","1,720","1,603","1,632","1,481","1,202","1,257",965,997,"1,016",975,997,917,695,730,680,779,742,517,506,438,330,325,254,186,160,113,81,51,56,39,34,18,20,"116,415","116,415",605,490,405,487,475,470,429,450,481,554,546,508,539,526,551,545,516,545,767,805,810,985,"1,226","1,197","1,489","1,727","1,859","1,960","2,080","2,202","2,275","2,344","2,414","2,372","2,306","2,059","1,944","1,912","1,754","1,692","1,641","1,608","1,749","1,707","1,683","1,650","1,664","1,358","1,443","1,410","1,403","1,574","1,660","1,726","1,920","1,936","1,932","1,926","1,723","1,599","1,689","1,785","1,707","1,786","1,741","2,002","1,784","1,737","1,703","1,601","1,579","1,589","1,198","1,217","1,009",986,"1,023",975,976,941,697,717,688,763,752,526,503,447,328,322,262,194,161,115,74,59,50,42,33,21,20,"116,427","116,427",612,494,418,480,468,478,426,436,468,560,538,507,536,532,561,533,528,528,748,801,831,951,"1,242","1,203","1,476","1,699","1,873","1,924","2,064","2,215","2,286","2,322","2,390","2,403","2,324","2,071","1,960","1,897","1,806","1,656","1,638","1,632","1,724","1,730","1,662","1,661","1,668","1,360","1,443","1,412","1,379","1,568","1,661","1,739","1,928","1,929","1,923","1,932","1,742","1,615","1,673","1,785","1,654","1,855","1,709","2,005","1,773","1,752","1,705","1,597","1,585","1,615","1,204","1,217","1,035",946,"1,045",956,986,971,681,712,687,754,758,535,498,451,333,318,260,199,166,117,74,60,48,44,33,21,19
서울특별시 용산구 (1117000000),"198,734","198,734","1,066",975,824,931,913,934,"1,013",981,"1,025","1,134","1,164","1,163","1,171","1,264","1,199","1,262","1,212","1,260","1,419","1,458","1,522","1,846","1,944","2,072","2,379","2,854","2,976","3,219","3,498","3,863","4,094","4,177","4,064","4,260","4,003","3,725","3,379","3,209","3,013","2,940","3,033","2,882","2,925","3,177","3,045","3,088","2,867","2,418","2,613","2,524","2,698","2,923","3,017","3,278","3,549","3,380","3,386","3,163","3,074","2,622","2,849","2,839","2,845","2,888","2,986","2,896","2,766","2,597","2,600","2,317","2,325","2,033","1,759","1,760","1,284","1,409","1,438","1,408","1,390","1,156","1,043","1,035",971,"1,167",978,777,754,678,607,505,386,321,231,187,151,98,74,57,31,25,46,"198,480","198,480","1,082",967,824,956,890,933,998,998,"1,001","1,115","1,163","1,163","1,158","1,285","1,207","1,259","1,189","1,284","1,421","1,464","1,506","1,878","1,913","2,053","2,371","2,815","2,976","3,187","3,446","3,885","4,017","4,147","4,040","4,244","4,017","3,683","3,432","3,242","3,001","2,913","3,044","2,842","2,970","3,163","3,019","3,092","2,897","2,450","2,607","2,492","2,696","2,933","2,985","3,242","3,503","3,419","3,362","3,186","3,091","2,653","2,838","2,859","2,819","2,816","3,007","2,911","2,780","2,590","2,599","2,311","2,355","2,048","1,784","1,725","1,337","1,421","1,411","1,407","1,357","1,230","1,013","1,036",942,"1,182",982,779,739,683,618,509,387,327,248,183,150,92,78,50,37,24,47,"197,948","197,948","1,113",973,844,932,876,940,995,974,998,"1,112","1,179","1,153","1,161","1,249","1,236","1,234","1,193","1,266","1,418","1,482","1,495","1,861","1,923","1,996","2,363","2,776","3,007","3,182","3,404","3,822","3,993","4,173","4,000","4,225","4,032","3,710","3,453","3,205","3,027","2,897","3,002","2,834","2,923","3,123","3,057","3,075","2,908","2,425","2,631","2,465","2,669","2,917","2,989","3,198","3,441","3,459","3,329","3,201","3,055","2,662","2,859","2,843","2,817","2,846","2,889","2,929","2,835","2,579","2,583","2,342","2,250","2,115","1,854","1,704","1,368","1,377","1,437","1,380","1,375","1,227","1,005","1,028",952,"1,138","1,017",771,743,679,623,513,392,325,257,163,168,93,77,55,36,23,46,"197,183","197,183","1,095",988,839,933,867,924,"1,000",975,994,"1,117","1,170","1,178","1,133","1,250","1,239","1,246","1,183","1,270","1,401","1,472","1,491","1,818","1,931","1,995","2,280","2,754","3,007","3,181","3,407","3,773","3,944","4,141","4,027","4,188","4,033","3,770","3,421","3,229","2,984","2,915","3,034","2,776","2,933","3,076","3,063","3,057","2,964","2,428","2,605","2,428","2,643","2,872","3,027","3,159","3,440","3,429","3,321","3,201","3,066","2,640","2,822","2,841","2,730","2,919","2,849","2,933","2,814","2,572","2,575","2,316","2,234","2,142","1,818","1,713","1,393","1,346","1,427","1,369","1,364","1,218",979,"1,015",974,"1,098","1,023",788,720,685,611,515,402,331,256,165,167,95,77,55,37,20,50
서울특별시 성동구 (1120000000),"272,673","272,673","1,849","1,598","1,370","1,432","1,545","1,474","1,514","1,540","1,600","1,721","1,702","1,687","1,579","1,633","1,560","1,519","1,523","1,734","1,994","2,142","2,361","2,672","2,978","3,208","3,684","4,499","4,358","4,459","4,658","4,654","5,004","5,037","5,133","5,293","5,201","4,866","4,559","4,554","4,409","4,146","4,115","4,007","4,148","4,390","4,201","4,072","3,863","3,358","3,495","3,591","3,595","3,932","4,297","4,277","4,678","4,692","4,525","4,458","4,119","3,644","4,069","3,837","3,674","4,033","4,094","4,240","3,848","3,614","3,448","3,209","3,189","2,810","2,381","2,482","1,786","1,997","2,016","1,887","1,986","1,731","1,380","1,436","1,370","1,551","1,189","1,021",910,735,687,558,404,330,248,188,120,91,73,53,45,19,28,"272,835","272,835","1,843","1,611","1,391","1,435","1,540","1,428","1,514","1,519","1,583","1,720","1,669","1,668","1,549","1,647","1,579","1,533","1,512","1,711","2,085","2,228","2,374","2,681","3,039","3,235","3,630","4,442","4,393","4,386","4,682","4,676","4,893","5,058","5,039","5,330","5,147","4,782","4,633","4,587","4,376","4,192","4,116","3,975","4,173","4,346","4,220","4,060","3,881","3,397","3,491","3,614","3,563","3,919","4,318","4,291","4,611","4,711","4,539","4,494","4,105","3,723","4,016","3,882","3,681","3,899","4,124","4,270","3,876","3,622","3,473","3,209","3,185","2,872","2,388","2,454","1,869","1,974","2,033","1,878","1,939","1,827","1,374","1,421","1,340","1,558","1,232","1,009",917,746,690,570,418,330,244,191,127,91,72,54,40,24,29,"273,084","273,084","1,910","1,643","1,381","1,403","1,546","1,457","1,496","1,514","1,578","1,710","1,638","1,708","1,534","1,625","1,576","1,559","1,514","1,699","2,082","2,334","2,396","2,666","3,087","3,214","3,584","4,377","4,481","4,349","4,737","4,638","4,881","5,045","5,064","5,353","5,162","4,807","4,660","4,606","4,386","4,194","4,119","3,958","4,170","4,313","4,248","4,058","3,891","3,423","3,487","3,522","3,574","3,900","4,274","4,303","4,579","4,719","4,529","4,443","4,143","3,729","4,018","3,914","3,674","3,946","4,004","4,269","3,907","3,642","3,470","3,228","3,051","3,037","2,409","2,438","1,948","1,932","2,043","1,876","1,946","1,842","1,369","1,408","1,354","1,529","1,267","1,000",908,768,693,560,436,341,238,196,135,91,73,53,37,29,29,"272,909","272,909","1,901","1,694","1,402","1,373","1,537","1,474","1,463","1,522","1,560","1,697","1,638","1,708","1,533","1,623","1,572","1,589","1,502","1,673","2,088","2,321","2,438","2,661","3,033","3,251","3,539","4,356","4,433","4,348","4,757","4,613","4,864","5,014","5,005","5,372","5,194","4,826","4,724","4,579","4,416","4,164","4,154","3,949","4,147","4,258","4,280","4,073","3,885","3,462","3,463","3,475","3,574","3,861","4,281","4,356","4,505","4,707","4,530","4,454","4,154","3,766","3,983","3,908","3,602","4,057","3,926","4,260","3,942","3,669","3,446","3,262","3,046","3,017","2,452","2,436","1,979","1,908","2,028","1,869","1,927","1,887","1,336","1,398","1,370","1,508","1,297","1,004",920,767,684,566,442,344,240,190,140,94,73,48,32,34,27
서울특별시 광진구 (1121500000),"328,601","328,601","1,275","1,205","1,060","1,127","1,207","1,250","1,416","1,546","1,496","1,857","2,024","1,970","2,129","2,322","2,239","2,305","2,170","2,285","2,626","2,707","2,839","3,441","4,171","4,343","5,190","6,585","6,581","7,026","7,027","7,277","7,197","6,983","6,631","6,462","5,941","5,117","4,916","4,613","4,456","4,235","4,427","4,103","4,671","4,871","4,846","4,842","4,792","4,105","4,487","4,333","4,474","4,774","4,961","5,223","5,445","5,411","5,275","5,271","4,960","4,687","4,663","4,682","4,314","4,822","4,756","5,055","4,652","4,399","4,167","3,745","3,950","3,350","2,830","3,196","2,153","2,270","2,244","2,329","2,352","1,936","1,506","1,547","1,503","1,637","1,377","1,084",996,820,681,560,472,370,288,195,141,95,97,57,50,16,39,"328,772","328,772","1,285","1,220","1,065","1,124","1,197","1,245","1,387","1,547","1,493","1,846","1,991","1,977","2,141","2,298","2,265","2,291","2,166","2,290","2,676","2,721","2,880","3,521","4,249","4,384","5,146","6,483","6,596","6,953","7,079","7,194","7,150","6,960","6,648","6,424","5,889","5,115","4,908","4,670","4,455","4,224","4,402","4,104","4,633","4,869","4,887","4,770","4,860","4,195","4,456","4,328","4,459","4,787","4,963","5,143","5,437","5,419","5,269","5,243","4,941","4,779","4,640","4,696","4,317","4,790","4,770","5,043","4,725","4,387","4,181","3,795","3,903","3,417","2,854","3,144","2,238","2,250","2,236","2,304","2,312","2,041","1,516","1,573","1,447","1,650","1,403","1,104",991,843,691,558,480,389,289,192,152,91,95,60,49,18,41,"328,807","328,807","1,329","1,207","1,079","1,089","1,207","1,263","1,392","1,518","1,507","1,781","2,008","1,976","2,160","2,263","2,270","2,274","2,199","2,281","2,720","2,777","2,872","3,545","4,274","4,483","5,060","6,435","6,605","6,926","7,052","7,154","7,165","6,940","6,680","6,487","5,893","5,139","4,937","4,682","4,414","4,223","4,408","4,097","4,571","4,820","4,911","4,774","4,822","4,288","4,378","4,313","4,411","4,738","4,994","5,115","5,363","5,443","5,263","5,214","4,937","4,736","4,660","4,692","4,345","4,826","4,659","5,029","4,788","4,422","4,151","3,822","3,792","3,620","2,864","3,060","2,384","2,210","2,255","2,296","2,306","2,068","1,511","1,601","1,443","1,614","1,429","1,120","1,003",841,695,562,491,389,296,190,164,88,92,57,52,20,38,"328,723","328,723","1,349","1,190","1,087","1,091","1,181","1,266","1,390","1,524","1,489","1,765","1,983","2,008","2,126","2,255","2,269","2,301","2,160","2,309","2,661","2,807","2,888","3,488","4,178","4,503","5,049","6,395","6,635","6,885","7,040","7,156","7,240","6,837","6,717","6,505","5,996","5,139","4,988","4,641","4,391","4,238","4,413","4,082","4,532","4,800","4,888","4,868","4,829","4,309","4,345","4,333","4,331","4,680","4,943","5,149","5,393","5,406","5,242","5,273","4,901","4,742","4,698","4,683","4,181","5,013","4,602","5,010","4,828","4,404","4,181","3,842","3,769","3,684","2,877","3,042","2,452","2,195","2,249","2,275","2,296","2,140","1,493","1,556","1,487","1,607","1,434","1,126","1,003",843,703,575,494,382,314,189,165,93,88,58,42,32,39
서울특별시 동대문구 (1123000000),"346,426","346,426","1,887","1,688","1,608","1,651","1,623","1,726","1,799","1,804","1,892","2,066","2,202","2,094","2,050","2,300","2,129","2,201","2,031","2,227","2,508","2,988","3,567","4,099","4,935","5,361","6,089","6,701","6,109","6,062","6,134","5,869","5,981","6,141","5,939","5,920","5,923","5,255","5,096","4,813","4,812","4,654","4,552","4,501","5,079","5,226","5,241","5,027","4,896","4,371","4,390","4,399","4,662","4,914","5,193","5,453","5,619","5,634","5,468","5,321","5,016","4,778","4,821","4,829","4,482","4,912","5,168","5,349","5,067","4,720","4,750","4,245","4,407","3,947","3,271","3,675","2,537","2,741","2,697","2,782","2,811","2,345","2,019","1,950","1,937","2,192","1,738","1,364","1,210","1,033",871,718,559,471,317,255,152,120,107,68,44,22,49,"348,210","348,210","1,946","1,709","1,614","1,663","1,643","1,693","1,780","1,783","1,897","2,040","2,178","2,115","2,043","2,279","2,145","2,204","2,058","2,216","2,769","3,218","3,652","4,188","5,109","5,446","6,067","6,642","6,114","5,999","6,127","5,925","5,953","6,152","5,926","5,985","5,891","5,244","5,174","4,917","4,770","4,764","4,487","4,542","5,029","5,225","5,273","5,061","4,920","4,442","4,425","4,406","4,614","4,982","5,196","5,479","5,584","5,650","5,552","5,337","4,952","4,918","4,773","4,861","4,518","4,814","5,206","5,354","5,143","4,710","4,727","4,329","4,354","4,016","3,330","3,586","2,685","2,715","2,683","2,759","2,772","2,494","1,992","1,971","1,877","2,215","1,754","1,399","1,211","1,050",878,717,573,479,317,252,170,124,100,75,42,23,50,"349,373","349,373","2,013","1,731","1,597","1,690","1,621","1,677","1,786","1,759","1,892","2,008","2,173","2,138","2,030","2,255","2,155","2,195","2,095","2,179","2,920","3,319","3,706","4,229","5,167","5,514","5,972","6,685","6,167","6,000","6,123","5,926","6,002","6,191","5,937","6,098","5,912","5,325","5,213","5,033","4,706","4,769","4,483","4,554","4,937","5,221","5,286","5,092","4,928","4,484","4,426","4,410","4,562","4,961","5,210","5,413","5,609","5,707","5,516","5,400","4,927","4,864","4,871","4,875","4,509","4,858","5,045","5,393","5,178","4,766","4,689","4,304","4,247","4,252","3,306","3,572","2,816","2,667","2,691","2,740","2,767","2,543","1,989","1,990","1,855","2,200","1,799","1,415","1,222","1,058",867,764,578,471,326,259,168,124,102,76,45,27,51,"349,491","349,491","2,042","1,753","1,614","1,685","1,581","1,690","1,785","1,760","1,883","1,995","2,177","2,138","2,021","2,276","2,134","2,202","2,080","2,187","2,893","3,279","3,663","4,210","5,107","5,457","5,977","6,609","6,227","6,036","6,131","5,944","6,047","6,134","5,965","6,119","5,923","5,458","5,204","5,006","4,719","4,807","4,531","4,559","4,890","5,232","5,259","5,118","4,978","4,502","4,411","4,379","4,546","4,899","5,173","5,448","5,613","5,716","5,475","5,486","4,897","4,831","4,882","4,895","4,410","4,972","4,930","5,436","5,150","4,794","4,695","4,344","4,209","4,298","3,369","3,500","2,908","2,631","2,746","2,673","2,761","2,612","1,943","1,958","1,898","2,181","1,834","1,411","1,239","1,081",864,762,579,462,342,262,176,120,101,76,46,30,50
서울특별시 중랑구 (1126000000),"375,109","375,109","1,731","1,591","1,497","1,553","1,448","1,464","1,599","1,711","1,826","2,127","2,183","2,041","2,144","2,370","2,297","2,288","2,237","2,368","2,538","2,596","2,529","3,021","3,304","3,546","4,238","5,041","5,194","5,484","6,111","6,311","6,564","6,765","6,673","6,647","6,301","5,523","5,276","5,196","4,856","4,774","4,802","4,749","4,970","5,361","5,481","5,514","5,389","4,556","4,855","4,651","4,943","5,391","5,884","5,945","6,481","6,546","6,517","6,804","6,495","6,201","6,344","6,364","6,026","6,724","7,043","7,088","6,734","6,090","5,906","5,459","5,569","5,063","4,088","4,353","3,190","3,327","3,347","3,233","3,254","2,734","2,132","2,185","2,100","2,395","1,968","1,435","1,363","1,128",866,768,591,462,341,276,178,154,103,86,57,33,54,"375,077","375,077","1,757","1,583","1,471","1,537","1,455","1,432","1,566","1,699","1,814","2,071","2,179","2,022","2,169","2,324","2,284","2,329","2,229","2,370","2,532","2,647","2,540","2,963","3,350","3,479","4,252","4,997","5,256","5,449","6,133","6,329","6,499","6,789","6,614","6,635","6,379","5,434","5,311","5,208","4,899","4,757","4,763","4,701","4,945","5,388","5,430","5,482","5,392","4,667","4,799","4,661","4,885","5,399","5,845","5,979","6,380","6,577","6,499","6,801","6,459","6,292","6,308","6,456","5,965","6,625","7,009","7,150","6,808","6,114","5,954","5,491","5,509","5,178","4,123","4,364","3,268","3,275","3,328","3,260","3,130","2,950","2,101","2,199","2,028","2,391","2,037","1,446","1,375","1,134",890,766,588,488,342,273,182,149,108,81,60,33,54,"374,876","374,876","1,767","1,595","1,448","1,532","1,480","1,415","1,551","1,691","1,774","2,034","2,182","2,027","2,139","2,319","2,289","2,312","2,221","2,370","2,543","2,636","2,510","2,924","3,364","3,493","4,156","4,994","5,230","5,440","6,094","6,290","6,519","6,764","6,623","6,665","6,427","5,551","5,281","5,260","4,931","4,707","4,773","4,661","4,928","5,294","5,451","5,429","5,454","4,693","4,757","4,629","4,880","5,317","5,815","5,955","6,331","6,556","6,434","6,806","6,419","6,254","6,360","6,432","6,033","6,693","6,780","7,185","6,903","6,118","5,971","5,531","5,309","5,465","4,172","4,319","3,453","3,187","3,369","3,216","3,159","2,985","2,106","2,228","2,016","2,345","2,109","1,433","1,406","1,153",894,766,604,492,356,276,184,149,102,80,66,30,57,"374,803","374,803","1,790","1,617","1,425","1,544","1,485","1,407","1,529","1,683","1,782","1,999","2,151","2,065","2,106","2,284","2,310","2,300","2,218","2,367","2,531","2,612","2,560","2,853","3,347","3,478","4,109","4,978","5,216","5,438","6,081","6,210","6,584","6,670","6,690","6,675","6,447","5,627","5,310","5,262","4,919","4,710","4,807","4,631","4,905","5,223","5,465","5,448","5,475","4,685","4,748","4,628","4,861","5,199","5,851","5,971","6,264","6,550","6,415","6,838","6,428","6,262","6,304","6,448","5,873","6,932","6,592","7,307","6,886","6,191","5,989","5,511","5,310","5,486","4,212","4,263","3,610","3,122","3,402","3,195","3,147","3,068","2,073","2,196","2,063","2,355","2,116","1,451","1,422","1,147",921,769,612,501,371,260,193,142,108,79,65,33,55
서울특별시 성북구 (1129000000),"419,522","419,522","1,911","1,862","1,722","1,892","1,950","2,013","2,160","2,413","2,509","2,912","3,148","3,003","2,952","3,276","3,330","3,383","3,183","3,357","3,804","4,219","4,724","5,468","6,054","6,368","6,780","7,248","6,649","6,361","6,313","6,224","6,163","6,133","6,032","5,998","5,869","5,406","5,335","5,283","5,231","5,173","5,403","5,322","6,011","6,198","6,431","6,278","6,423","5,482","5,780","5,869","6,241","6,912","7,250","7,364","7,803","7,640","7,316","7,047","6,480","5,945","5,955","5,987","5,473","5,917","6,090","6,461","5,912","5,593","5,613","5,028","5,283","4,568","3,919","4,283","2,924","3,249","3,434","3,277","3,328","2,928","2,272","2,415","2,313","2,703","2,209","1,735","1,607","1,268","1,077",872,762,556,391,294,242,183,126,107,67,36,59,"419,929","419,929","1,938","1,860","1,716","1,856","1,932","2,035","2,136","2,410","2,465","2,875","3,167","2,959","2,981","3,269","3,323","3,417","3,155","3,335","4,056","4,436","4,753","5,532","6,207","6,390","6,650","7,183","6,641","6,353","6,277","6,209","6,135","6,086","6,012","6,050","5,816","5,336","5,374","5,322","5,211","5,151","5,369","5,273","5,971","6,186","6,383","6,297","6,391","5,613","5,732","5,859","6,253","6,871","7,260","7,358","7,763","7,648","7,335","7,103","6,425","6,045","5,937","5,969","5,508","5,817","6,095","6,498","6,015","5,587","5,586","5,069","5,212","4,731","3,884","4,236","3,015","3,262","3,406","3,258","3,298","3,051","2,266","2,410","2,260","2,712","2,237","1,737","1,596","1,312","1,088",873,754,574,388,313,247,183,125,108,69,37,62,"420,178","420,178","1,998","1,858","1,730","1,811","1,945","2,058","2,112","2,385","2,448","2,826","3,148","2,999","2,975","3,242","3,306","3,415","3,115","3,341","4,214","4,531","4,810","5,639","6,240","6,403","6,515","7,152","6,653","6,295","6,321","6,167","6,136","6,111","5,982","6,127","5,870","5,430","5,311","5,351","5,195","5,151","5,383","5,258","5,906","6,133","6,383","6,259","6,381","5,687","5,692","5,774","6,228","6,773","7,277","7,300","7,719","7,674","7,344","7,128","6,428","6,017","5,964","5,991","5,559","5,860","5,911","6,515","6,067","5,533","5,654","4,989","5,100","4,962","3,909","4,172","3,210","3,161","3,401","3,284","3,281","3,101","2,284","2,396","2,287","2,622","2,323","1,764","1,588","1,350","1,093",873,790,578,380,324,254,181,130,111,63,43,60,"419,853","419,853","2,011","1,901","1,746","1,776","1,959","2,043","2,109","2,374","2,435","2,802","3,100","3,026","2,969","3,243","3,297","3,392","3,147","3,301","4,134","4,556","4,791","5,540","6,252","6,325","6,506","7,103","6,660","6,298","6,352","6,237","6,090","6,076","5,963","6,163","5,958","5,446","5,301","5,359","5,194","5,173","5,361","5,291","5,842","6,076","6,412","6,303","6,345","5,763","5,629","5,731","6,130","6,678","7,309","7,319","7,684","7,625","7,358","7,187","6,437","6,028","5,977","5,987","5,458","5,992","5,777","6,528","6,079","5,602","5,633","5,016","5,012","5,052","3,954","4,125","3,330","3,050","3,442","3,254","3,270","3,169","2,221","2,370","2,332","2,578","2,381","1,761","1,595","1,373","1,103",881,765,610,390,315,258,185,129,114,61,47,61
서울특별시 강북구 (1130500000),"276,750","276,750",805,790,770,774,873,868,975,"1,077","1,240","1,353","1,436","1,517","1,572","1,780","1,738","1,844","1,779","1,858","2,064","2,179","2,329","2,643","3,062","3,066","3,437","3,900","3,792","3,814","3,934","3,949","3,940","3,936","3,807","3,792","3,724","3,131","3,036","2,993","2,876","2,880","2,934","3,103","3,373","3,889","3,766","3,933","3,916","3,448","3,657","3,745","3,960","4,452","4,817","4,842","5,318","5,195","5,020","5,107","4,824","4,432","4,672","4,617","4,492","4,785","4,954","5,355","5,060","4,537","4,511","4,201","4,402","3,976","3,235","3,614","2,764","2,898","3,013","2,991","3,031","2,442","2,044","2,180","1,987","2,389","2,012","1,408","1,312","1,077",891,761,565,423,298,230,141,120,112,73,50,24,39,"276,794","276,794",821,787,779,775,855,879,956,"1,059","1,219","1,359","1,430","1,512","1,564","1,757","1,752","1,843","1,763","1,861","2,123","2,233","2,359","2,654","3,070","3,049","3,418","3,859","3,795","3,769","3,903","3,936","3,923","3,881","3,789","3,811","3,732","3,089","3,071","2,992","2,879","2,883","2,910","3,110","3,396","3,757","3,829","3,872","3,963","3,494","3,641","3,738","3,934","4,440","4,768","4,855","5,287","5,212","5,036","5,121","4,815","4,514","4,655","4,629","4,477","4,691","4,973","5,363","5,096","4,586","4,516","4,223","4,357","4,073","3,259","3,551","2,876","2,839","2,998","2,967","2,960","2,621","2,055","2,156","1,921","2,388","2,039","1,446","1,318","1,091",920,758,565,444,305,236,144,120,104,77,50,24,42,"276,786","276,786",827,790,762,788,850,850,963,"1,031","1,231","1,336","1,435","1,486","1,550","1,731","1,775","1,842","1,743","1,855","2,161","2,286","2,357","2,683","3,058","3,117","3,337","3,804","3,808","3,729","3,877","3,967","3,873","3,869","3,838","3,815","3,755","3,138","3,095","2,994","2,862","2,877","2,930","3,057","3,378","3,754","3,785","3,869","3,975","3,557","3,579","3,707","3,936","4,404","4,737","4,833","5,282","5,193","5,047","5,096","4,778","4,508","4,681","4,677","4,470","4,749","4,791","5,370","5,184","4,623","4,534","4,216","4,205","4,278","3,310","3,490","3,000","2,772","3,003","2,973","2,939","2,685","2,023","2,168","1,957","2,341","2,051","1,472","1,300","1,141",916,769,580,445,318,231,152,118,103,81,53,24,43,"276,525","276,525",853,801,772,746,847,852,941,"1,018","1,243","1,307","1,417","1,484","1,547","1,721","1,778","1,868","1,706","1,890","2,132","2,259","2,350","2,677","3,029","3,112","3,340","3,732","3,866","3,706","3,856","3,966","3,844","3,851","3,858","3,790","3,753","3,163","3,087","3,040","2,837","2,881","2,932","3,010","3,348","3,684","3,817","3,898","3,951","3,589","3,562","3,669","3,921","4,291","4,750","4,875","5,249","5,180","5,019","5,155","4,780","4,523","4,650","4,683","4,343","4,907","4,677","5,354","5,250","4,668","4,533","4,252","4,139","4,343","3,363","3,442","3,058","2,721","3,018","2,970","2,927","2,752","1,974","2,138","2,026","2,267","2,115","1,502","1,303","1,140",921,776,605,431,339,224,171,113,99,90,52,23,43
서울특별시 도봉구 (1132000000),"297,739","297,739","1,027",966,878,997,"1,111","1,040","1,224","1,308","1,521","1,644","1,877","1,946","1,848","2,089","2,074","2,211","2,061","2,236","2,443","2,330","2,272","2,663","2,888","2,941","3,238","3,677","3,757","3,729","4,045","3,803","4,135","4,087","4,078","4,049","3,882","3,611","3,357","3,316","3,206","3,276","3,442","3,440","3,802","4,169","4,291","4,219","4,253","3,617","3,974","4,041","4,201","4,654","4,951","5,127","5,669","5,637","5,347","5,624","5,171","5,028","5,111","5,136","4,822","5,388","5,535","6,033","5,567","5,193","5,226","4,787","4,882","4,257","3,537","3,881","2,751","2,900","2,827","2,845","2,950","2,417","1,994","1,975","2,002","2,257","1,916","1,436","1,349","1,181",922,745,641,441,367,291,180,132,119,86,52,40,70,"297,508","297,508","1,065",941,890,973,"1,123","1,036","1,207","1,293","1,493","1,614","1,885","1,935","1,798","2,113","2,063","2,236","2,056","2,216","2,450","2,311","2,307","2,649","2,851","2,912","3,219","3,639","3,741","3,730","3,997","3,828","4,084","4,123","4,067","4,049","3,849","3,552","3,400","3,301","3,244","3,214","3,420","3,372","3,849","4,080","4,284","4,243","4,243","3,699","3,963","3,993","4,204","4,643","4,942","5,120","5,541","5,696","5,353","5,601","5,158","5,089","5,111","5,158","4,788","5,345","5,510","6,041","5,644","5,195","5,237","4,806","4,842","4,372","3,560","3,868","2,817","2,883","2,867","2,815","2,828","2,595","2,011","1,959","1,953","2,255","1,941","1,463","1,374","1,182",958,738,641,445,384,282,192,142,114,78,58,39,70,"297,295","297,295","1,070",962,882,970,"1,121","1,022","1,217","1,258","1,456","1,600","1,874","1,924","1,811","2,081","2,078","2,246","2,053","2,209","2,418","2,378","2,298","2,590","2,855","2,900","3,227","3,547","3,802","3,684","3,994","3,849","4,052","4,171","4,016","4,020","3,953","3,591","3,379","3,326","3,192","3,188","3,420","3,415","3,783","4,022","4,292","4,294","4,172","3,733","3,913","3,920","4,199","4,623","4,951","5,054","5,507","5,672","5,385","5,568","5,193","5,043","5,134","5,198","4,782","5,390","5,352","6,055","5,667","5,236","5,247","4,799","4,648","4,646","3,562","3,860","2,957","2,818","2,888","2,789","2,838","2,662","2,002","1,957","1,940","2,186","2,002","1,494","1,370","1,212",945,769,631,467,387,279,204,136,118,79,57,37,72,"297,059","297,059","1,080",970,884,974,"1,102","1,039","1,190","1,257","1,463","1,575","1,855","1,921","1,800","2,065","2,087","2,257","2,049","2,190","2,407","2,367","2,286","2,562","2,863","2,843","3,207","3,503","3,767","3,697","3,948","3,892","4,071","4,104","4,001","4,025","4,021","3,590","3,374","3,346","3,163","3,197","3,417","3,427","3,723","4,002","4,282","4,321","4,206","3,728","3,877","3,894","4,171","4,548","4,960","5,083","5,448","5,629","5,388","5,641","5,186","5,033","5,158","5,169","4,698","5,532","5,257","6,091","5,663","5,260","5,247","4,847","4,620","4,712","3,597","3,769","3,089","2,786","2,914","2,753","2,867","2,701","1,964","1,934","1,974","2,131","2,039","1,537","1,359","1,209",942,798,634,481,388,283,205,130,116,80,61,37,71
서울특별시 노원구 (1135000000),"480,303","480,303","2,260","1,958","1,842","1,907","1,957","2,052","2,259","2,411","2,810","3,278","3,688","3,762","3,881","4,383","4,344","4,516","4,340","4,753","5,007","5,070","5,187","5,682","6,077","5,854","6,329","6,907","6,208","6,085","6,163","5,971","6,481","6,417","6,425","6,657","6,444","5,962","5,773","5,628","5,418","5,667","5,484","5,708","6,513","6,979","7,376","7,426","7,624","6,629","7,334","7,252","7,549","8,303","8,591","8,747","9,211","8,978","8,524","8,491","7,632","7,133","7,259","7,122","6,718","7,495","7,648","7,902","7,410","7,095","6,984","6,323","6,579","5,825","4,814","5,239","3,669","3,959","3,937","3,717","3,902","3,259","2,585","2,640","2,597","2,996","2,354","1,827","1,740","1,532","1,303","1,034",896,690,530,417,278,234,168,108,91,47,83,"480,143","480,143","2,269","1,987","1,830","1,875","1,985","2,028","2,266","2,404","2,799","3,264","3,677","3,776","3,866","4,402","4,358","4,500","4,299","4,684","5,151","5,114","5,154","5,663","6,126","5,878","6,175","6,845","6,157","6,021","6,201","5,963","6,438","6,431","6,408","6,661","6,431","5,878","5,777","5,681","5,459","5,551","5,554","5,619","6,525","6,966","7,367","7,464","7,622","6,700","7,323","7,221","7,522","8,202","8,600","8,629","9,160","9,023","8,564","8,502","7,556","7,280","7,170","7,180","6,709","7,357","7,694","7,980","7,462","7,036","6,985","6,382","6,465","6,064","4,851","5,151","3,816","3,891","3,913","3,720","3,833","3,479","2,526","2,654","2,531","3,013","2,407","1,825","1,728","1,528","1,339","1,061",896,692,518,433,289,234,159,117,90,52,82,"480,352","480,352","2,343","1,982","1,815","1,880","1,963","2,038","2,231","2,421","2,760","3,206","3,626","3,820","3,870","4,341","4,321","4,546","4,251","4,655","5,358","5,322","5,241","5,642","6,226","5,873","6,086","6,777","6,246","5,987","6,193","6,006","6,440","6,416","6,398","6,754","6,516","5,929","5,825","5,665","5,458","5,535","5,594","5,561","6,472","6,887","7,407","7,415","7,647","6,699","7,272","7,124","7,496","8,109","8,577","8,562","8,991","9,040","8,580","8,477","7,573","7,195","7,271","7,222","6,604","7,456","7,473","8,002","7,554","7,077","6,991","6,341","6,268","6,366","4,902","5,095","4,005","3,801","3,936","3,717","3,804","3,540","2,542","2,655","2,509","2,957","2,471","1,870","1,715","1,531","1,362","1,058",917,704,525,434,298,224,163,126,89,54,83,"479,965","479,965","2,396","2,009","1,806","1,893","1,948","2,033","2,211","2,421","2,719","3,179","3,583","3,841","3,839","4,286","4,341","4,515","4,231","4,632","5,292","5,301","5,212","5,597","6,145","5,899","6,035","6,728","6,280","5,997","6,169","6,086","6,453","6,411","6,469","6,785","6,556","5,981","5,887","5,718","5,405","5,525","5,638","5,529","6,402","6,788","7,446","7,446","7,573","6,773","7,219","7,075","7,422","8,005","8,543","8,583","9,001","8,963","8,521","8,570","7,575","7,219","7,264","7,142","6,476","7,645","7,310","8,049","7,558","7,114","6,972","6,383","6,217","6,454","4,918","5,070","4,156","3,736","3,959","3,691","3,797","3,606","2,509","2,618","2,571","2,864","2,574","1,874","1,706","1,550","1,345","1,084",921,711,538,431,299,223,165,128,99,50,83
서울특별시 은평구 (1138000000),"452,115","452,115","1,959","1,829","1,602","1,843","1,829","1,940","1,975","2,144","2,410","2,745","2,960","2,944","2,962","3,352","3,251","3,533","3,321","3,523","3,850","3,764","3,542","4,037","4,433","4,582","5,235","6,214","6,538","6,560","7,068","7,207","7,423","7,591","7,380","7,546","7,144","6,425","5,978","5,817","5,584","5,598","5,539","5,533","6,439","6,757","7,031","6,872","6,928","5,903","6,541","6,366","6,737","7,470","7,754","7,975","8,398","8,086","7,887","7,845","7,104","6,745","6,743","6,964","6,439","7,002","7,277","7,644","7,242","6,583","6,496","6,001","6,153","5,424","4,605","4,980","3,651","3,899","4,012","3,843","4,049","3,376","2,742","2,730","2,631","3,070","2,484","1,910","1,813","1,527","1,217","1,044",784,637,450,316,233,177,142,95,83,33,66,"451,605","451,605","1,962","1,842","1,615","1,792","1,837","1,912","1,945","2,137","2,352","2,698","2,929","2,957","2,945","3,321","3,261","3,499","3,345","3,498","3,868","3,720","3,559","3,968","4,395","4,590","5,205","6,074","6,588","6,606","7,034","7,189","7,329","7,588","7,373","7,553","7,092","6,392","6,040","5,843","5,559","5,572","5,488","5,485","6,419","6,652","6,993","6,888","6,929","6,047","6,459","6,387","6,711","7,368","7,763","7,924","8,338","8,154","7,869","7,891","7,010","6,914","6,715","6,948","6,491","6,891","7,325","7,585","7,316","6,635","6,518","6,003","6,118","5,583","4,586","5,006","3,711","3,884","3,997","3,814","3,931","3,629","2,703","2,701","2,602","3,048","2,561","1,924","1,820","1,553","1,216","1,054",803,651,458,320,238,166,146,96,85,31,70,"451,385","451,385","2,032","1,846","1,643","1,770","1,814","1,903","1,967","2,091","2,324","2,657","2,902","3,008","2,912","3,305","3,264","3,477","3,377","3,479","3,834","3,718","3,546","3,916","4,416","4,531","5,104","6,029","6,611","6,540","7,041","7,199","7,304","7,561","7,429","7,567","7,154","6,488","6,093","5,811","5,563","5,538","5,486","5,457","6,333","6,624","6,991","6,801","7,014","6,081","6,387","6,323","6,736","7,303","7,726","7,881","8,289","8,176","7,840","7,912","6,968","6,941","6,789","6,921","6,531","6,934","7,106","7,588","7,382","6,738","6,459","6,017","5,947","5,896","4,614","4,952","3,856","3,901","3,953","3,784","3,944","3,679","2,699","2,698","2,604","3,006","2,639","1,947","1,779","1,593","1,209","1,065",819,672,457,331,244,169,144,103,76,40,67,"450,831","450,831","2,068","1,845","1,664","1,748","1,791","1,906","1,962","2,081","2,271","2,609","2,916","3,018","2,885","3,265","3,281","3,437","3,366","3,514","3,817","3,668","3,575","3,866","4,366","4,535","5,041","6,039","6,524","6,519","7,007","7,201","7,314","7,427","7,515","7,551","7,193","6,507","6,144","5,806","5,528","5,550","5,536","5,445","6,202","6,611","6,947","6,839","7,006","6,088","6,371","6,292","6,700","7,139","7,719","7,900","8,296","8,138","7,805","8,008","6,994","6,904","6,832","6,819","6,409","7,183","6,927","7,591","7,418","6,793","6,478","6,033","5,882","5,997","4,629","4,910","3,970","3,844","3,944","3,778","3,962","3,688","2,731","2,672","2,642","2,944","2,702","1,960","1,767","1,609","1,209","1,086",827,675,484,329,242,177,134,117,71,41,65
서울특별시 서대문구 (1141000000),"297,580","297,580","1,374","1,377","1,260","1,374","1,383","1,445","1,496","1,607","1,790","1,999","2,117","2,148","1,959","2,141","2,014","2,153","2,063","2,105","2,235","2,647","2,852","3,466","3,933","4,105","4,717","5,208","5,043","5,008","5,031","5,138","4,979","4,905","4,819","4,839","4,829","4,340","4,087","3,957","4,053","3,953","3,950","3,921","4,188","4,566","4,495","4,424","4,225","3,824","4,111","3,915","4,084","4,530","4,720","4,962","5,235","5,138","5,052","4,751","4,495","4,109","4,369","4,205","4,023","4,251","4,319","4,592","4,183","3,949","3,888","3,512","3,573","3,174","2,688","2,851","2,007","2,319","2,315","2,229","2,466","2,054","1,686","1,635","1,666","2,019","1,623","1,255","1,266","1,011",874,754,594,431,296,260,160,130,106,72,46,35,50,"297,813","297,813","1,377","1,396","1,262","1,383","1,379","1,425","1,484","1,618","1,741","1,961","2,114","2,140","1,959","2,148","1,987","2,159","2,054","2,119","2,351","2,724","2,961","3,513","3,978","4,098","4,688","5,206","5,033","5,016","4,949","5,129","4,952","4,894","4,750","4,916","4,775","4,312","4,134","3,937","4,084","3,897","3,952","3,893","4,167","4,525","4,505","4,373","4,232","3,906","4,113","3,944","4,067","4,503","4,709","4,974","5,173","5,187","5,054","4,767","4,487","4,134","4,369","4,240","4,003","4,192","4,327","4,657","4,186","4,010","3,841","3,541","3,559","3,241","2,702","2,822","2,071","2,253","2,321","2,246","2,380","2,183","1,677","1,656","1,605","2,015","1,654","1,265","1,253","1,042",865,756,606,440,309,256,164,129,106,68,49,36,50,"298,233","298,233","1,406","1,357","1,279","1,348","1,406","1,413","1,500","1,578","1,721","1,940","2,124","2,122","2,008","2,097","2,011","2,151","2,071","2,092","2,435","2,763","3,069","3,486","3,998","4,127","4,628","5,181","5,090","5,008","4,958","5,147","4,989","4,907","4,774","4,939","4,821","4,370","4,172","3,977","4,023","3,911","3,976","3,868","4,165","4,431","4,500","4,420","4,259","3,916","4,033","3,922","4,063","4,432","4,721","4,927","5,186","5,217","4,965","4,826","4,468","4,159","4,318","4,332","3,965","4,231","4,241","4,649","4,258","4,017","3,886","3,514","3,451","3,400","2,702","2,822","2,169","2,175","2,376","2,221","2,355","2,261","1,642","1,698","1,579","1,985","1,710","1,253","1,236","1,073",858,760,626,450,314,245,174,126,102,73,49,39,47,"298,046","298,046","1,414","1,386","1,267","1,316","1,428","1,384","1,494","1,572","1,711","1,930","2,070","2,138","2,015","2,106","1,987","2,185","2,059","2,085","2,380","2,769","3,042","3,468","3,942","4,153","4,556","5,184","5,071","5,042","4,961","5,094","5,047","4,855","4,808","4,938","4,859","4,412","4,222","4,031","3,930","3,972","3,960","3,860","4,144","4,383","4,530","4,439","4,281","3,943","3,971","3,924","4,067","4,321","4,757","4,891","5,202","5,183","4,943","4,893","4,452","4,175","4,285","4,350","3,855","4,349","4,164","4,649","4,297","4,025","3,911","3,544","3,409","3,473","2,682","2,822","2,237","2,131","2,395","2,220","2,309","2,308","1,616","1,696","1,595","1,942","1,732","1,250","1,229","1,080",860,766,625,461,311,248,177,124,105,76,49,40,47
서울특별시 마포구 (1144000000),"354,230","354,230","1,797","1,614","1,474","1,555","1,748","1,665","1,815","1,960","2,056","2,463","2,528","2,412","2,225","2,650","2,445","2,590","2,416","2,618","2,882","2,862","3,078","3,728","4,205","4,457","5,213","6,319","6,330","6,561","7,087","7,130","7,360","7,235","7,150","7,242","6,875","6,082","5,667","5,636","5,489","5,417","5,325","5,266","5,715","5,813","5,844","5,353","5,489","4,830","5,094","5,205","5,203","5,622","5,916","6,051","6,140","5,850","5,679","5,371","4,860","4,335","4,590","4,417","4,105","4,360","4,424","4,654","4,264","3,836","3,918","3,529","3,547","3,165","2,628","2,939","1,997","2,208","2,331","2,284","2,340","1,901","1,731","1,768","1,650","1,918","1,553","1,285","1,172",933,835,704,583,437,345,271,179,139,101,79,43,29,41,"354,161","354,161","1,841","1,614","1,438","1,574","1,703","1,668","1,783","1,966","1,999","2,451","2,514","2,429","2,240","2,598","2,461","2,556","2,433","2,626","2,930","2,909","3,126","3,729","4,256","4,508","5,191","6,239","6,355","6,480","7,074","7,102","7,280","7,211","7,152","7,156","6,900","6,039","5,716","5,681","5,479","5,375","5,335","5,193","5,700","5,785","5,841","5,401","5,465","4,930","5,023","5,270","5,135","5,594","5,911","6,054","6,163","5,844","5,673","5,381","4,869","4,414","4,547","4,458","4,102","4,316","4,480","4,604","4,325","3,858","3,854","3,560","3,539","3,241","2,652","2,849","2,111","2,174","2,322","2,274","2,272","2,056","1,668","1,786","1,606","1,932","1,601","1,286","1,163",955,824,723,585,440,351,267,181,140,103,76,49,29,39,"353,997","353,997","1,898","1,599","1,402","1,601","1,660","1,684","1,767","1,952","1,988","2,402","2,521","2,444","2,257","2,563","2,466","2,565","2,452","2,568","2,954","2,879","3,232","3,661","4,304","4,546","5,088","6,134","6,433","6,454","7,049","7,038","7,301","7,180","7,140","7,184","6,950","6,161","5,727","5,662","5,467","5,375","5,272","5,211","5,616","5,694","5,894","5,444","5,447","4,920","5,011","5,198","5,132","5,529","5,899","5,989","6,124","5,905","5,679","5,417","4,859","4,413","4,552","4,471","4,114","4,401","4,314","4,606","4,378","3,861","3,879","3,520","3,463","3,417","2,678","2,810","2,196","2,158","2,307","2,243","2,280","2,158","1,617","1,787","1,612","1,885","1,657","1,273","1,164",995,816,740,571,455,360,271,185,141,102,78,51,26,44,"353,917","353,917","1,951","1,621","1,429","1,585","1,623","1,690","1,761","1,945","1,968","2,373","2,511","2,456","2,280","2,543","2,467","2,583","2,464","2,548","2,913","2,892","3,230","3,615","4,233","4,536","5,107","6,130","6,389","6,427","6,967","7,105","7,368","7,083","7,105","7,255","6,968","6,162","5,823","5,652","5,452","5,345","5,293","5,252","5,536","5,655","5,864","5,499","5,477","4,958","4,988","5,131","5,158","5,485","5,887","5,987","6,134","5,938","5,627","5,493","4,855","4,411","4,584","4,451","4,017","4,469","4,256","4,647","4,389","3,895","3,854","3,566","3,413","3,476","2,695","2,773","2,285","2,120","2,300","2,228","2,273","2,214","1,575","1,780","1,620","1,860","1,685","1,303","1,135","1,016",790,759,579,457,357,285,182,143,92,84,54,28,45
서울특별시 양천구 (1147000000),"422,257","422,257","1,567","1,536","1,458","1,730","1,921","2,086","2,566","2,797","3,243","3,621","4,131","4,262","4,603","5,082","4,690","4,998","4,447","4,837","5,030","4,109","3,930","4,048","4,032","3,979","4,324","4,942","5,048","5,111","5,493","5,404","5,576","5,473","5,443","5,415","5,451","4,907","4,731","4,660","4,786","5,007","5,519","5,713","6,526","7,219","7,610","7,606","7,756","6,788","7,099","7,034","6,891","7,549","7,262","7,505","7,622","7,496","7,208","7,031","6,518","6,207","6,173","6,300","5,817","6,571","6,490","6,874","6,404","5,962","5,792","5,394","5,600","4,993","4,166","4,494","3,104","3,345","3,290","3,138","3,020","2,498","1,897","1,968","1,755","1,956","1,545","1,243","1,131",966,837,652,534,429,361,277,193,142,94,83,50,24,62,"422,155","422,155","1,567","1,547","1,465","1,731","1,920","2,093","2,551","2,821","3,241","3,680","4,134","4,298","4,580","5,125","4,718","4,939","4,424","4,773","4,983","4,081","3,893","4,016","3,969","3,953","4,267","4,907","5,073","5,093","5,442","5,412","5,497","5,459","5,420","5,445","5,452","4,825","4,757","4,711","4,766","5,024","5,587","5,654","6,488","7,246","7,608","7,627","7,761","6,918","7,096","7,015","6,933","7,388","7,366","7,380","7,630","7,487","7,147","7,087","6,473","6,231","6,159","6,337","5,801","6,497","6,468","6,884","6,452","5,983","5,816","5,435","5,512","5,123","4,180","4,462","3,249","3,290","3,261","3,202","2,931","2,668","1,879","1,991","1,683","1,989","1,582","1,255","1,140",973,850,656,531,435,375,267,196,149,96,82,52,26,64,"421,364","421,364","1,612","1,572","1,424","1,714","1,907","2,119","2,488","2,807","3,201","3,673","4,076","4,315","4,582","5,050","4,787","4,881","4,477","4,692","4,885","4,126","3,862","3,961","3,979","3,901","4,214","4,828","5,106","5,062","5,457","5,308","5,506","5,431","5,473","5,456","5,470","4,914","4,725","4,707","4,756","4,990","5,563","5,629","6,465","7,135","7,613","7,583","7,779","6,972","7,022","6,901","7,011","7,227","7,422","7,286","7,633","7,448","7,123","7,079","6,445","6,188","6,245","6,299","5,824","6,501","6,276","6,937","6,519","6,010","5,753","5,443","5,355","5,382","4,223","4,415","3,410","3,222","3,296","3,161","2,989","2,715","1,867","2,022","1,683","1,965","1,633","1,253","1,151",990,830,684,536,453,367,267,210,141,94,87,51,25,62,"420,607","420,607","1,605","1,605","1,436","1,676","1,854","2,168","2,400","2,823","3,159","3,681","4,013","4,301","4,594","4,980","4,777","4,900","4,510","4,628","4,870","4,143","3,860","3,921","3,937","3,920","4,129","4,826","5,028","5,057","5,415","5,283","5,499","5,465","5,471","5,438","5,438","4,958","4,747","4,714","4,683","5,007","5,517","5,627","6,434","7,078","7,561","7,580","7,781","7,002","6,998","6,853","6,992","7,183","7,371","7,363","7,561","7,429","7,066","7,168","6,402","6,191","6,204","6,288","5,772","6,658","6,140","6,921","6,595","6,042","5,715","5,511","5,288","5,455","4,223","4,363","3,529","3,179","3,341","3,136","2,990","2,787","1,807","2,026","1,751","1,919","1,659","1,251","1,148","1,006",807,695,554,458,363,271,217,138,93,85,57,26,63
서울특별시 강서구 (1150000000),"546,456","546,456","2,644","2,441","2,136","2,336","2,429","2,510","2,727","2,763","3,029","3,488","3,786","3,714","3,593","4,258","4,117","4,034","3,760","4,117","4,498","4,120","3,987","4,441","4,898","5,265","6,281","8,089","8,441","9,153","10,083","10,359","10,855","11,083","10,815","10,777","10,417","9,159","8,597","8,477","7,840","7,813","7,828","7,495","8,380","8,641","8,858","8,643","8,608","7,406","7,680","7,480","7,724","8,329","8,442","8,476","8,573","8,453","8,133","8,126","7,320","7,058","7,468","7,557","7,089","7,882","8,397","8,904","8,428","7,741","7,769","7,059","7,350","6,371","5,579","5,927","4,134","4,489","4,419","4,210","4,270","3,428","2,732","2,690","2,386","2,710","2,206","1,872","1,656","1,343","1,122",939,870,630,481,375,284,217,156,121,78,40,94,"545,970","545,970","2,652","2,481","2,122","2,357","2,409","2,507","2,719","2,716","2,977","3,428","3,726","3,721","3,575","4,217","4,138","4,047","3,769","4,048","4,494","4,130","4,029","4,365","4,870","5,201","6,282","8,030","8,448","9,074","9,997","10,392","10,723","11,077","10,828","10,717","10,377","9,115","8,647","8,505","7,849","7,734","7,845","7,422","8,353","8,526","8,895","8,648","8,634","7,537","7,652","7,522","7,636","8,311","8,419","8,478","8,603","8,438","8,104","8,195","7,247","7,170","7,374","7,609","7,067","7,776","8,414","8,904","8,515","7,754","7,731","7,122","7,270","6,624","5,514","5,895","4,300","4,436","4,407","4,255","4,127","3,631","2,769","2,675","2,367","2,700","2,223","1,903","1,654","1,377","1,123",946,866,639,475,391,303,215,153,119,83,43,93,"545,913","545,913","2,651","2,540","2,146","2,300","2,415","2,511","2,706","2,700","2,940","3,362","3,748","3,698","3,596","4,181","4,110","4,072","3,777","4,026","4,465","4,146","4,010","4,288","4,865","5,161","6,252","7,931","8,475","9,089","9,881","10,382","10,727","11,120","10,860","10,797","10,441","9,284","8,688","8,463","7,850","7,756","7,786","7,426","8,244","8,496","8,880","8,643","8,618","7,642","7,606","7,418","7,689","8,176","8,421","8,503","8,583","8,429","8,049","8,228","7,211","7,089","7,390","7,675","7,068","7,855","8,097","8,925","8,587","7,881","7,705","7,073","7,102","6,946","5,523","5,821","4,595","4,312","4,459","4,243","4,108","3,781","2,744","2,657","2,384","2,661","2,272","1,932","1,637","1,431","1,117",961,881,654,478,382,312,215,163,113,90,44,92,"545,653","545,653","2,748","2,564","2,155","2,268","2,399","2,487","2,679","2,686","2,923","3,277","3,802","3,645","3,646","4,092","4,079","4,110","3,762","4,049","4,481","4,097","4,024","4,213","4,838","5,148","6,237","7,831","8,538","9,003","9,885","10,351","10,742","11,040","10,842","10,831","10,409","9,389","8,775","8,475","7,853","7,726","7,884","7,333","8,152","8,410","8,951","8,652","8,590","7,702","7,615","7,359","7,633","8,078","8,449","8,587","8,517","8,403","8,022","8,293","7,238","7,072","7,342","7,682","6,878","8,102","7,867","8,956","8,574","7,969","7,683","7,165","7,002","7,085","5,555","5,780","4,753","4,188","4,524","4,216","4,110","3,884","2,654","2,664","2,467","2,634","2,315","1,937","1,637","1,458","1,124",955,872,673,487,373,324,217,167,115,90,44,92
서울특별시 구로구 (1153000000),"381,281","381,281","2,082","1,955","1,698","1,793","1,763","1,793","1,858","2,055","2,096","2,321","2,528","2,446","2,478","2,795","2,635","2,799","2,588","2,801","3,000","2,791","2,768","3,097","3,295","3,604","4,169","5,248","5,349","5,709","6,220","6,138","6,677","6,620","6,680","6,659","6,596","6,016","5,710","5,723","5,316","5,191","5,070","5,038","5,488","5,758","5,847","5,730","5,721","5,056","5,217","5,284","5,200","5,870","6,124","6,248","6,317","6,324","6,095","6,116","5,745","5,440","5,670","5,705","5,315","5,875","6,050","6,509","5,931","5,746","5,523","5,215","5,479","4,790","4,265","4,356","3,305","3,484","3,620","3,376","3,387","2,720","2,221","2,212","2,088","2,317","1,786","1,419","1,289","1,105",837,755,594,448,290,253,167,134,110,68,48,31,40,"380,865","380,865","2,140","1,944","1,714","1,753","1,740","1,754","1,829","2,036","2,085","2,235","2,511","2,445","2,441","2,797","2,616","2,824","2,583","2,773","3,052","2,762","2,818","3,078","3,285","3,575","4,157","5,195","5,350","5,706","6,165","6,159","6,628","6,630","6,639","6,737","6,570","5,919","5,775","5,701","5,286","5,203","5,023","4,970","5,445","5,703","5,816","5,735","5,699","5,154","5,212","5,282","5,242","5,820","6,096","6,252","6,278","6,328","6,090","6,166","5,690","5,548","5,570","5,772","5,289","5,809","6,033","6,497","6,055","5,704","5,490","5,267","5,417","4,864","4,271","4,310","3,467","3,422","3,595","3,355","3,303","2,952","2,169","2,240","2,025","2,319","1,884","1,408","1,295","1,103",870,735,606,447,297,267,165,136,111,64,51,32,40,"380,911","380,911","2,177","1,960","1,700","1,732","1,718","1,766","1,837","1,995","2,094","2,203","2,488","2,490","2,450","2,733","2,625","2,825","2,600","2,772","3,071","2,754","2,819","3,021","3,259","3,607","4,104","5,194","5,412","5,648","6,134","6,189","6,602","6,659","6,641","6,778","6,573","6,039","5,773","5,665","5,285","5,242","5,040","4,935","5,413","5,634","5,859","5,746","5,694","5,162","5,220","5,194","5,232","5,749","6,070","6,171","6,273","6,363","6,106","6,144","5,645","5,479","5,646","5,749","5,352","5,795","5,906","6,487","6,122","5,762","5,470","5,266","5,283","5,105","4,297","4,264","3,625","3,320","3,663","3,333","3,305","3,002","2,195","2,256","2,030","2,271","1,966","1,390","1,293","1,143",852,753,605,468,306,257,170,133,115,66,53,35,39,"380,796","380,796","2,190","1,983","1,720","1,705","1,722","1,771","1,816","2,007","2,069","2,158","2,478","2,484","2,426","2,702","2,627","2,857","2,581","2,769","3,066","2,765","2,817","2,992","3,224","3,583","4,101","5,136","5,466","5,590","6,109","6,161","6,652","6,684","6,622","6,783","6,635","6,115","5,776","5,681","5,267","5,213","5,085","4,939","5,340","5,599","5,844","5,771","5,686","5,218","5,175","5,151","5,247","5,631","6,006","6,306","6,240","6,318","6,120","6,209","5,616","5,504","5,623","5,749","5,184","5,992","5,812","6,451","6,165","5,784","5,519","5,216","5,241","5,218","4,304","4,262","3,640","3,285","3,708","3,341","3,289","3,046","2,160","2,231","2,059","2,250","1,994","1,441","1,274","1,142",891,755,589,491,316,246,181,135,108,71,49,38,38
서울특별시 금천구 (1154500000),"221,840","221,840",869,767,737,776,757,741,826,840,947,999,"1,073","1,079","1,002","1,255","1,179","1,245","1,145","1,218","1,419","1,374","1,396","1,592","1,816","2,045","2,686","3,593","3,990","4,397","4,915","4,938","5,276","5,015","4,776","4,627","4,176","3,650","3,283","3,147","2,952","2,746","2,668","2,563","2,790","2,912","2,920","2,827","2,832","2,442","2,715","2,600","2,798","3,057","3,337","3,431","3,588","3,703","3,754","3,768","3,599","3,622","3,736","3,844","3,476","3,986","3,946","4,130","3,884","3,479","3,305","2,963","3,082","2,766","2,299","2,411","1,865","1,942","1,942","1,831","1,835","1,557","1,284","1,229","1,157","1,343","1,080",803,752,638,443,398,355,248,179,140,100,76,48,37,30,8,23,"221,639","221,639",888,778,724,764,741,732,793,841,924,986,"1,079","1,045","1,006","1,259","1,163","1,240","1,153","1,198","1,414","1,391","1,413","1,552","1,847","2,047","2,640","3,565","3,980","4,414","4,918","4,886","5,245","5,012","4,787","4,602","4,222","3,606","3,344","3,174","2,932","2,708","2,659","2,556","2,803","2,862","2,938","2,821","2,822","2,455","2,717","2,594","2,794","3,013","3,328","3,416","3,518","3,756","3,738","3,790","3,505","3,695","3,723","3,887","3,441","3,917","3,961","4,120","3,939","3,541","3,278","2,995","3,028","2,883","2,288","2,384","1,947","1,871","1,953","1,840","1,769","1,697","1,239","1,256","1,115","1,354","1,115",783,752,665,456,400,354,240,188,146,94,83,50,31,27,12,24,"221,554","221,554",891,797,720,754,732,751,764,840,911,982,"1,078","1,036","1,028","1,213","1,180","1,244","1,152","1,195","1,402","1,388","1,417","1,545","1,824","2,047","2,618","3,530","3,957","4,451","4,852","4,928","5,157","5,116","4,752","4,647","4,276","3,678","3,308","3,221","2,897","2,695","2,691","2,521","2,766","2,807","2,991","2,800","2,836","2,483","2,685","2,587","2,800","2,978","3,308","3,393","3,496","3,708","3,738","3,769","3,540","3,571","3,803","3,832","3,507","3,917","3,875","4,172","3,954","3,554","3,254","3,000","2,941","3,014","2,313","2,345","2,058","1,817","1,983","1,826","1,771","1,718","1,230","1,264","1,125","1,348","1,120",790,752,676,470,409,358,253,189,146,97,78,60,31,25,14,23,"221,562","221,562",891,825,701,748,735,735,775,837,910,963,"1,049","1,057","1,048","1,191","1,163","1,249","1,153","1,201","1,391","1,400","1,408","1,537","1,835","2,023","2,602","3,510","3,979","4,417","4,791","4,957","5,192","5,005","4,830","4,644","4,311","3,724","3,316","3,253","2,877","2,710","2,720","2,469","2,792","2,780","2,993","2,815","2,818","2,509","2,650","2,597","2,759","2,921","3,290","3,463","3,484","3,703","3,665","3,808","3,549","3,572","3,771","3,806","3,446","4,019","3,813","4,161","3,953","3,622","3,275","2,987","2,937","3,061","2,337","2,299","2,140","1,790","1,986","1,837","1,763","1,756","1,223","1,229","1,178","1,311","1,158",819,753,658,490,401,360,258,180,145,106,81,59,29,27,15,23
서울특별시 영등포구 (1156000000),"368,295","368,295","2,367","1,976","1,867","1,851","1,807","1,737","1,866","1,933","2,058","2,171","2,239","2,253","2,025","2,279","2,172","2,159","2,118","2,234","2,425","2,369","2,465","2,750","3,336","3,440","4,455","5,961","6,516","7,236","7,976","8,175","8,638","8,622","8,482","8,437","8,128","6,981","6,779","6,329","5,928","5,526","5,501","5,276","5,345","5,568","5,553","5,208","5,206","4,423","4,729","4,765","4,701","5,123","5,336","5,483","5,783","5,596","5,591","5,541","5,056","4,857","4,895","5,005","4,546","5,039","5,147","5,323","5,026","4,678","4,612","4,038","4,379","3,858","3,098","3,495","2,583","2,843","2,804","2,654","2,749","2,282","1,849","1,868","1,767","2,026","1,620","1,275","1,295","1,007",836,747,603,437,368,249,181,135,74,75,49,24,49,"368,150","368,150","2,373","2,008","1,824","1,855","1,814","1,711","1,801","1,925","2,022","2,124","2,262","2,255","1,979","2,263","2,195","2,205","2,101","2,207","2,442","2,374","2,464","2,739","3,349","3,444","4,450","5,898","6,557","7,245","7,902","8,166","8,590","8,645","8,355","8,459","8,102","6,968","6,727","6,405","5,900","5,555","5,483","5,192","5,422","5,555","5,531","5,163","5,237","4,500","4,690","4,821","4,684","5,070","5,346","5,485","5,769","5,656","5,564","5,591","4,986","4,973","4,882","4,991","4,602","4,956","5,111","5,319","5,085","4,685","4,604","4,104","4,254","3,980","3,133","3,428","2,688","2,779","2,794","2,664","2,666","2,452","1,840","1,856","1,739","2,045","1,652","1,281","1,290","1,022",847,752,628,424,368,259,184,131,85,62,54,28,48,"368,299","368,299","2,426","2,040","1,802","1,841","1,838","1,721","1,759","1,907","2,000","2,113","2,264","2,242","2,010","2,199","2,227","2,211","2,088","2,171","2,457","2,375","2,513","2,684","3,360","3,434","4,373","5,867","6,613","7,210","7,905","8,198","8,555","8,702","8,331","8,580","8,153","7,169","6,665","6,462","5,915","5,538","5,461","5,220","5,313","5,546","5,528","5,177","5,184","4,544","4,654","4,785","4,717","4,979","5,417","5,394","5,773","5,662","5,502","5,611","4,952","4,914","4,963","4,986","4,629","5,027","4,952","5,316","5,093","4,773","4,571","4,123","4,090","4,180","3,167","3,430","2,765","2,719","2,811","2,656","2,647","2,505","1,840","1,857","1,727","2,017","1,706","1,283","1,258","1,040",852,758,647,432,368,263,187,129,85,64,56,28,48,"368,598","368,598","2,453","2,060","1,819","1,867","1,817","1,722","1,769","1,875","1,993","2,107","2,282","2,223","2,030","2,177","2,235","2,246","2,078","2,168","2,429","2,381","2,507","2,722","3,282","3,425","4,326","5,872","6,488","7,214","7,900","8,178","8,651","8,648","8,365","8,593","8,253","7,249","6,676","6,500","5,909","5,608","5,434","5,250","5,298","5,487","5,560","5,218","5,227","4,568","4,648","4,707","4,730","4,950","5,362","5,476","5,751","5,662","5,441","5,726","4,921","4,914","4,930","4,972","4,580","5,160","4,825","5,347","5,109","4,817","4,526","4,208","4,047","4,210","3,173","3,372","2,850","2,687","2,841","2,655","2,649","2,542","1,816","1,833","1,768","1,983","1,734","1,307","1,219","1,078",861,734,668,453,349,277,185,121,87,66,57,28,47
서울특별시 동작구 (1159000000),"369,347","369,347","1,853","1,623","1,528","1,474","1,530","1,582","1,752","1,795","1,960","2,165","2,431","2,315","2,179","2,443","2,323","2,553","2,289","2,420","2,735","3,101","3,364","4,044","4,589","5,051","5,982","7,161","7,052","7,403","7,433","7,415","7,418","7,267","6,937","6,880","6,495","5,795","5,466","5,169","5,028","4,847","4,882","4,731","5,049","5,387","5,423","5,288","5,346","4,567","4,831","5,055","5,000","5,529","5,623","5,822","6,130","5,986","5,868","5,714","5,308","4,768","4,940","5,074","4,720","5,029","5,142","5,510","5,205","4,798","4,716","4,267","4,577","3,949","3,382","3,758","2,774","2,916","2,990","2,954","3,068","2,644","2,033","2,054","1,930","2,214","1,803","1,408","1,272","1,058",894,795,591,473,333,267,166,157,119,80,49,30,54,"369,340","369,340","1,864","1,624","1,529","1,475","1,509","1,565","1,699","1,802","1,942","2,111","2,406","2,287","2,159","2,414","2,341","2,577","2,254","2,421","2,883","3,221","3,404","4,066","4,659","5,110","5,874","7,093","7,070","7,333","7,389","7,371","7,334","7,307","6,862","6,834","6,470","5,753","5,540","5,222","5,041","4,852","4,821","4,648","5,055","5,337","5,438","5,242","5,349","4,672","4,758","5,069","5,015","5,450","5,725","5,790","6,092","5,997","5,872","5,776","5,194","4,873","4,923","5,078","4,733","4,947","5,161","5,508","5,326","4,785","4,693","4,330","4,499","4,042","3,402","3,713","2,885","2,887","2,976","2,934","2,986","2,813","2,044","2,068","1,853","2,218","1,867","1,415","1,265","1,108",873,829,582,503,325,274,163,152,123,83,47,34,53,"369,835","369,835","1,907","1,639","1,506","1,495","1,499","1,549","1,694","1,813","1,915","2,085","2,387","2,319","2,167","2,365","2,353","2,578","2,245","2,418","2,963","3,322","3,458","4,031","4,728","5,167","5,801","7,023","7,142","7,294","7,405","7,311","7,349","7,348","6,900","6,865","6,619","5,842","5,498","5,263","5,049","4,866","4,778","4,686","5,012","5,276","5,443","5,214","5,396","4,719","4,711","4,944","5,043","5,400","5,724","5,764","6,091","5,997","5,821","5,818","5,174","4,932","4,913","5,090","4,711","5,013","5,071","5,453","5,376","4,803","4,738","4,299","4,338","4,230","3,416","3,645","3,034","2,810","3,003","2,927","2,979","2,862","2,043","2,082","1,855","2,187","1,919","1,404","1,288","1,131",880,824,612,499,343,272,171,149,123,85,47,36,53,"369,852","369,852","1,943","1,648","1,524","1,484","1,513","1,534","1,680","1,802","1,916","2,053","2,372","2,335","2,149","2,383","2,321","2,554","2,298","2,430","2,870","3,320","3,472","3,957","4,680","5,175","5,760","6,993","7,121","7,250","7,435","7,362","7,394","7,280","6,925","6,919","6,641","5,963","5,518","5,272","5,085","4,862","4,839","4,672","4,930","5,275","5,454","5,251","5,361","4,787","4,682","4,909","5,005","5,309","5,725","5,796","6,082","5,982","5,828","5,887","5,133","4,957","4,904","5,036","4,671","5,105","4,976","5,425","5,383","4,844","4,752","4,304","4,287","4,311","3,420","3,575","3,154","2,761","3,013","2,900","2,989","2,909","2,015","2,081","1,891","2,160","1,940","1,428","1,285","1,149",884,826,618,498,355,281,175,153,119,83,46,39,50
서울특별시 관악구 (1162000000),"474,352","474,352","1,583","1,327","1,139","1,173","1,294","1,266","1,308","1,365","1,559","1,794","1,972","1,978","1,973","2,164","2,251","2,207","2,185","2,452","2,805","3,519","4,065","4,787","6,085","7,496","9,523","12,771","13,349","14,070","14,653","14,140","13,692","13,017","11,677","10,999","9,819","8,241","7,392","6,708","6,199","5,830","5,393","5,332","5,784","6,016","6,164","6,044","6,056","5,239","5,472","5,468","5,752","6,174","6,491","6,662","7,011","6,723","6,590","6,576","6,064","5,696","5,983","5,934","5,543","6,214","6,186","6,674","6,297","5,716","5,658","5,209","5,582","4,928","4,228","4,571","3,651","3,779","3,885","3,715","3,821","3,110","2,547","2,594","2,404","2,850","2,264","1,642","1,520","1,264",989,772,597,461,332,273,176,152,102,83,41,30,41,"474,921","474,921","1,593","1,340","1,144","1,151","1,289","1,217","1,288","1,348","1,542","1,777","1,938","1,952","1,963","2,152","2,236","2,213","2,188","2,408","3,063","3,657","4,128","4,777","6,215","7,567","9,614","12,731","13,451","14,023","14,618","14,136","13,633","13,047","11,564","10,948","9,877","8,135","7,473","6,776","6,143","5,842","5,420","5,252","5,804","5,993","6,100","6,057","6,020","5,312","5,478","5,499","5,715","6,110","6,464","6,717","6,925","6,798","6,581","6,591","5,990","5,828","5,946","5,985","5,551","6,104","6,220","6,660","6,362","5,717","5,715","5,170","5,533","5,069","4,249","4,490","3,730","3,770","3,872","3,685","3,693","3,338","2,526","2,623","2,340","2,856","2,320","1,671","1,503","1,307","1,003",762,635,457,339,278,184,150,98,80,47,30,42,"475,220","475,220","1,569","1,360","1,113","1,170","1,287","1,197","1,290","1,349","1,494","1,763","1,915","1,963","1,932","2,128","2,214","2,248","2,200","2,341","3,196","3,777","4,123","4,794","6,252","7,623","9,569","12,643","13,508","14,071","14,514","14,201","13,599","13,019","11,728","10,960","9,940","8,310","7,483","6,792","6,108","5,831","5,484","5,217","5,740","5,903","6,105","6,040","6,044","5,317","5,475","5,443","5,690","6,061","6,464","6,641","6,847","6,814","6,624","6,518","6,041","5,792","5,945","6,042","5,514","6,110","6,072","6,657","6,455","5,767","5,615","5,164","5,345","5,376","4,261","4,396","3,919","3,712","3,862","3,693","3,677","3,433","2,533","2,607","2,339","2,818","2,373","1,691","1,519","1,311","1,029",758,648,476,352,268,192,149,106,84,42,34,42,"474,894","474,894","1,630","1,343","1,138","1,146","1,267","1,195","1,280","1,336","1,479","1,767","1,854","1,994","1,937","2,081","2,223","2,239","2,195","2,334","3,123","3,816","4,060","4,814","6,246","7,573","9,455","12,548","13,602","13,933","14,515","14,264","13,670","12,790","11,846","11,041","9,990","8,364","7,499","6,862","6,045","5,866","5,496","5,197","5,717","5,797","6,109","6,068","6,106","5,299","5,461","5,400","5,608","6,025","6,489","6,677","6,821","6,762","6,610","6,530","6,086","5,784","5,935","6,047","5,349","6,314","5,923","6,690","6,455","5,790","5,625","5,184","5,282","5,403","4,287","4,320","4,017","3,640","3,929","3,661","3,671","3,505","2,474","2,587","2,414","2,792","2,381","1,752","1,490","1,320","1,053",801,638,485,357,262,200,142,111,83,45,34,44
서울특별시 서초구 (1165000000),"411,346","411,346","1,966","2,039","1,926","2,219","2,500","2,522","2,925","3,261","3,384","3,716","4,268","4,374","4,513","4,944","4,627","4,961","4,431","4,585","4,669","4,365","3,969","4,272","4,132","4,056","4,336","5,057","5,183","5,372","5,498","5,893","5,872","5,928","5,744","5,854","5,969","5,519","5,429","5,573","5,566","5,807","5,882","6,091","6,901","7,330","7,784","7,754","7,819","6,781","7,279","7,048","7,075","7,351","7,442","7,477","7,363","7,294","6,734","6,155","5,673","4,810","5,088","5,093","4,694","4,751","4,939","4,891","4,888","4,671","4,686","4,325","4,547","3,858","3,609","3,669","2,586","2,814","2,982","2,952","2,816","2,441","1,990","1,889","1,729","1,865","1,495","1,191","1,065",851,818,642,542,432,327,265,184,146,115,88,57,26,62,"411,632","411,632","1,998","2,053","1,949","2,182","2,504","2,526","2,954","3,258","3,348","3,738","4,232","4,397","4,501","4,954","4,663","4,928","4,492","4,534","4,698","4,385","3,975","4,227","4,110","4,072","4,310","5,012","5,174","5,327","5,538","5,780","5,840","5,895","5,737","5,837","5,949","5,451","5,390","5,654","5,493","5,843","5,903","5,984","6,948","7,334","7,801","7,756","7,830","6,896","7,239","7,189","7,103","7,288","7,537","7,375","7,368","7,287","6,810","6,217","5,577","4,942","5,060","5,087","4,691","4,746","4,935","4,935","4,875","4,702","4,616","4,369","4,527","3,975","3,618","3,599","2,694","2,785","2,993","2,900","2,800","2,567","1,969","1,895","1,715","1,867","1,544","1,195","1,077",880,793,671,532,445,322,271,195,147,104,95,58,26,65,"411,494","411,494","2,043","2,055","1,924","2,182","2,494","2,555","2,880","3,233","3,335","3,702","4,205","4,406","4,479","4,955","4,652","4,872","4,553","4,470","4,765","4,368","3,971","4,186","4,156","4,043","4,274","4,990","5,205","5,310","5,567","5,681","5,852","5,877","5,800","5,793","5,954","5,475","5,396","5,626","5,495","5,867","5,835","5,988","6,900","7,186","7,848","7,744","7,826","6,959","7,174","7,049","7,126","7,252","7,533","7,357","7,360","7,284","6,852","6,265","5,570","4,992","5,067","5,055","4,772","4,746","4,886","4,919","4,899","4,713","4,650","4,397","4,324","4,202","3,648","3,549","2,843","2,763","3,009","2,870","2,844","2,600","1,979","1,868","1,717","1,853","1,614","1,198","1,094",914,775,694,533,455,333,264,197,148,99,98,62,33,64,"410,939","410,939","2,083","2,076","1,941","2,159","2,471","2,559","2,843","3,224","3,298","3,649","4,207","4,355","4,492","4,932","4,656","4,811","4,629","4,473","4,740","4,372","3,965","4,137","4,154","4,080","4,238","4,943","5,140","5,319","5,561","5,627","5,878","5,843","5,754","5,794","5,923","5,529","5,373","5,611","5,472","5,821","5,853","5,944","6,859","7,095","7,834","7,785","7,815","6,965","7,145","7,040","7,104","7,129","7,519","7,437","7,301","7,338","6,844","6,291","5,653","5,006","5,053","5,042","4,694","4,847","4,784","4,942","4,897","4,727","4,640","4,449","4,246","4,284","3,642","3,548","2,922","2,722","3,021","2,818","2,886","2,635","1,949","1,883","1,714","1,856","1,641","1,201","1,105",939,774,692,540,453,337,264,196,155,98,97,66,29,62
서울특별시 강남구 (1168000000),"548,767","548,767","2,702","2,396","2,238","2,426","2,657","2,918","3,421","3,794","4,347","4,940","5,517","5,986","6,431","7,170","6,829","6,763","6,143","6,420","6,690","5,780","5,153","5,366","5,269","4,891","5,434","6,797","6,598","7,285","7,735","7,906","8,223","8,393","8,475","8,415","8,301","7,752","7,572","7,429","7,405","7,576","7,839","8,214","9,507","10,225","10,776","10,744","11,223","9,778","10,157","9,974","9,600","9,860","9,573","9,598","9,669","9,010","8,627","7,700","7,130","6,094","6,616","6,624","6,187","6,077","6,182","6,481","6,170","6,041","6,194","5,855","6,105","5,292","4,917","5,239","3,466","3,834","3,955","3,871","3,771","3,308","2,504","2,508","2,158","2,234","1,875","1,516","1,252","1,169",989,760,671,509,396,293,251,179,171,93,76,57,80,"548,452","548,452","2,694","2,389","2,274","2,398","2,675","2,963","3,364","3,808","4,363","4,946","5,559","5,993","6,407","7,099","6,911","6,818","6,067","6,387","6,674","5,759","5,121","5,274","5,304","4,839","5,286","6,780","6,634","7,191","7,683","7,859","8,233","8,259","8,429","8,396","8,231","7,656","7,569","7,488","7,296","7,624","7,887","8,108","9,513","10,162","10,841","10,713","11,118","9,973","10,193","10,061","9,688","9,724","9,618","9,549","9,584","9,099","8,616","7,809","7,006","6,209","6,623","6,546","6,282","5,950","6,251","6,444","6,231","6,020","6,190","5,888","5,998","5,485","4,879","5,197","3,611","3,834","3,939","3,880","3,685","3,507","2,469","2,522","2,166","2,220","1,929","1,533","1,247","1,188","1,001",762,680,503,407,304,254,175,164,95,79,62,81,"547,136","547,136","2,742","2,420","2,278","2,355","2,661","2,944","3,308","3,792","4,304","4,851","5,530","5,980","6,329","7,068","6,936","6,774","6,120","6,328","6,707","5,722","5,067","5,267","5,255","4,889","5,199","6,659","6,692","7,074","7,617","7,837","8,211","8,238","8,345","8,432","8,254","7,679","7,517","7,485","7,273","7,604","7,853","8,006","9,398","10,051","10,813","10,707","11,073","10,089","10,080","9,989","9,597","9,701","9,664","9,503","9,506","9,138","8,546","7,895","6,994","6,213","6,639","6,433","6,318","6,035","6,083","6,493","6,236","5,997","6,184","5,895","5,772","5,783","4,892","5,147","3,830","3,771","3,916","3,905","3,687","3,604","2,488","2,523","2,193","2,180","1,971","1,567","1,232","1,191","1,000",792,674,515,409,310,253,176,155,103,78,63,84,"546,252","546,252","2,780","2,434","2,265","2,328","2,672","2,929","3,271","3,752","4,277","4,774","5,480","5,958","6,274","7,003","6,996","6,846","6,086","6,268","6,711","5,846","5,095","5,200","5,215","4,893","5,144","6,615","6,642","7,085","7,576","7,800","8,159","8,138","8,280","8,406","8,304","7,681","7,499","7,541","7,154","7,579","7,880","7,966","9,296","9,968","10,742","10,764","11,080","10,156","9,946","9,929","9,578","9,656","9,696","9,522","9,468","9,097","8,560","8,005","6,986","6,315","6,565","6,429","6,177","6,241","5,958","6,507","6,215","6,076","6,144","5,891","5,734","5,794","4,954","5,118","4,005","3,648","3,956","3,867","3,680","3,657","2,484","2,521","2,220","2,174","1,989","1,567","1,254","1,199",992,814,676,539,423,299,260,177,148,104,79,63,88
서울특별시 송파구 (1171000000),"641,695","641,695","3,437","3,173","2,870","3,261","3,700","3,840","4,217","4,455","4,841","5,551","5,772","5,635","5,529","6,219","5,848","5,878","5,482","5,539","5,878","5,358","5,042","5,536","5,746","5,737","6,725","8,399","8,584","9,238","10,124","10,661","11,250","11,205","11,445","11,219","11,241","10,207","9,846","9,976","9,734","9,574","9,792","9,770","10,691","11,513","11,458","11,124","10,936","9,341","9,572","9,302","9,306","9,897","9,930","10,230","10,613","10,343","9,880","9,753","9,187","8,350","8,769","8,788","8,311","8,901","9,148","9,566","9,042","8,302","8,512","7,620","8,106","7,059","5,965","6,343","4,313","4,717","4,587","4,351","4,345","3,641","2,764","2,709","2,445","2,642","2,148","1,647","1,471","1,261","1,064",900,817,632,500,375,273,197,168,126,73,54,83,"644,898","644,898","3,545","3,264","2,906","3,314","3,713","3,906","4,239","4,504","4,877","5,549","5,813","5,700","5,536","6,216","5,956","5,919","5,461","5,555","5,960","5,389","5,045","5,517","5,791","5,725","6,648","8,270","8,676","9,229","10,109","10,585","11,277","11,169","11,439","11,269","11,234","10,178","9,892","10,111","9,776","9,731","9,800","9,705","10,742","11,557","11,556","11,244","10,980","9,697","9,570","9,451","9,303","9,903","9,989","10,187","10,616","10,451","9,933","9,850","9,080","8,558","8,763","8,874","8,260","8,877","9,218","9,631","9,115","8,387","8,466","7,676","8,009","7,302","5,963","6,335","4,497","4,688","4,631","4,396","4,200","3,929","2,754","2,736","2,415","2,664","2,209","1,665","1,481","1,255","1,105",901,810,650,500,383,285,189,169,125,80,55,85,"645,942","645,942","3,607","3,298","2,938","3,294","3,714","3,891","4,176","4,542","4,789","5,510","5,810","5,743","5,540","6,129","5,994","5,962","5,498","5,511","5,960","5,399","5,066","5,493","5,780","5,718","6,636","8,155","8,785","9,138","10,076","10,562","11,246","11,184","11,478","11,359","11,337","10,297","9,913","10,080","9,831","9,645","9,899","9,692","10,625","11,448","11,531","11,278","11,101","9,760","9,507","9,364","9,368","9,821","10,043","10,154","10,506","10,556","9,921","9,946","9,129","8,473","8,833","8,884","8,301","9,035","8,958","9,700","9,215","8,465","8,433","7,717","7,787","7,728","5,991","6,288","4,774","4,612","4,679","4,381","4,212","4,050","2,760","2,757","2,419","2,637","2,260","1,687","1,512","1,256","1,111",910,839,644,515,384,289,188,163,132,87,57,86,"646,319","646,319","3,673","3,352","2,927","3,302","3,648","3,897","4,186","4,504","4,771","5,425","5,842","5,762","5,530","6,142","5,947","6,026","5,478","5,491","5,945","5,431","5,145","5,433","5,744","5,717","6,546","8,088","8,778","9,063","10,039","10,552","11,290","11,111","11,499","11,378","11,326","10,396","10,012","10,052","9,736","9,751","9,934","9,712","10,540","11,261","11,654","11,325","11,108","9,903","9,473","9,287","9,336","9,724","10,097","10,210","10,482","10,548","9,856","10,087","9,127","8,433","8,925","8,821","8,144","9,284","8,789","9,739","9,241","8,547","8,414","7,816","7,699","7,846","6,040","6,241","4,982","4,535","4,664","4,389","4,273","4,094","2,758","2,714","2,500","2,602","2,308","1,701","1,488","1,291","1,139",912,823,661,519,383,286,198,164,133,83,55,86
서울특별시 강동구 (1174000000),"496,571","496,571","2,818","2,780","2,508","2,788","3,104","3,097","3,365","3,620","3,686","4,198","4,494","4,527","4,307","4,753","4,344","4,437","4,243","4,230","4,347","4,020","3,706","4,047","4,278","4,318","4,943","6,246","6,269","6,717","7,197","7,598","7,903","8,181","7,911","8,393","8,034","7,406","7,333","7,354","7,250","7,302","7,362","7,593","8,132","8,650","9,285","8,820","8,635","7,407","7,520","7,182","7,066","7,520","7,671","7,845","7,875","7,732","7,462","7,711","7,024","6,661","6,797","7,066","6,594","7,409","7,560","8,198","7,676","6,971","6,909","6,404","6,613","5,896","4,972","5,313","3,597","3,731","3,801","3,630","3,604","2,861","2,225","2,188","1,980","2,225","1,705","1,313","1,154",980,829,668,607,458,358,291,220,166,146,80,67,38,66,"497,345","497,345","2,897","2,775","2,533","2,803","3,112","3,084","3,349","3,625","3,657","4,195","4,462","4,547","4,362","4,734","4,398","4,413","4,250","4,273","4,310","4,020","3,736","4,018","4,282","4,284","4,910","6,200","6,275","6,738","7,179","7,580","7,876","8,167","7,892","8,321","8,080","7,335","7,391","7,394","7,256","7,367","7,317","7,487","8,243","8,664","9,239","8,854","8,658","7,654","7,526","7,291","7,113","7,502","7,642","7,819","7,854","7,789","7,462","7,739","6,966","6,765","6,748","7,148","6,533","7,334","7,509","8,234","7,747","7,018","6,874","6,423","6,537","6,076","4,938","5,265","3,789","3,676","3,820","3,571","3,534","3,058","2,218","2,202","1,961","2,198","1,743","1,346","1,170",980,840,677,585,483,360,294,221,166,148,87,58,46,66,"497,089","497,089","2,952","2,733","2,511","2,782","3,111","3,106","3,282","3,621","3,652","4,122","4,512","4,528","4,354","4,675","4,432","4,419","4,279","4,222","4,332","4,031","3,742","4,027","4,233","4,264","4,837","6,133","6,257","6,654","7,136","7,552","7,913","8,152","7,840","8,311","8,200","7,416","7,397","7,386","7,248","7,315","7,376","7,463","8,177","8,555","9,210","8,876","8,707","7,723","7,516","7,225","7,122","7,463","7,652","7,785","7,817","7,798","7,411","7,722","7,007","6,696","6,816","7,175","6,494","7,355","7,294","8,272","7,799","7,029","6,850","6,461","6,248","6,416","5,031","5,210","4,002","3,605","3,806","3,581","3,523","3,173","2,217","2,200","1,974","2,190","1,802","1,367","1,170",988,845,674,592,501,368,286,227,162,150,91,55,51,69,"496,781","496,781","2,990","2,765","2,521","2,748","3,069","3,100","3,263","3,590","3,630","4,066","4,519","4,566","4,360","4,650","4,465","4,399","4,312","4,237","4,258","4,055","3,789","3,944","4,188","4,274","4,795","6,084","6,244","6,625","7,070","7,574","7,893","8,074","7,855","8,302","8,226","7,405","7,457","7,415","7,182","7,306","7,392","7,444","8,056","8,491","9,193","8,917","8,747","7,790","7,471","7,162","7,178","7,350","7,716","7,800","7,807","7,787","7,395","7,779","6,987","6,681","6,825","7,102","6,403","7,575","7,092","8,261","7,795","7,130","6,792","6,529","6,228","6,545","4,996","5,169","4,183","3,564","3,829","3,567","3,556","3,210","2,195","2,191","1,983","2,184","1,838","1,372","1,192",991,831,669,598,520,353,289,237,160,152,92,53,53,69
